track_name,total_streams_while_in_Top_200 (millions),T10,Pk,(x?),PkStreams,Total,artist,title
Ed Sheeran - Perfect,445,15.0,4,,24763619,3623472607,Ed Sheeran,Perfect
Imagine Dragons - Believer,425,,16,,16864827,3353483545,Imagine Dragons,Believer
Ed Sheeran - Shape of You,412,34.0,1,(x14),64217796,4338426724,Ed Sheeran,Shape of You
OneRepublic - Counting Stars,412,24.0,3,(x5),11170130,2617021035,OneRepublic,Counting Stars
Vance Joy - Riptide,403,,16,,16836644,2813812435,Vance Joy,Riptide
Billie Eilish - lovely,400,,24,,14081242,3514154790,Billie Eilish,lovely
James Arthur - Say You Won't Let Go,352,15.0,7,,19297939,2581216939,James Arthur,Say You Won't Let Go
Lewis Capaldi - Someone You Loved,343,15.0,4,,24962682,3933581891,Lewis Capaldi,Someone You Loved
The Weeknd - Blinding Lights,335,64.0,1,(x13),52375259,5321662134,The Weeknd,Blinding Lights
Post Malone - Sunflower - Spider-Man: Into the Spider-Verse,335,31.0,1,(x2),34579416,3691832349,Post Malone,Sunflower - Spider-Man: Into the Spider-Verse
Ed Sheeran - Photograph,332,,15,,11386170,1885939922,Ed Sheeran,Photograph
Hozier - Take Me To Church,326,20.0,1,(x5),13212580,2192969374,Hozier,Take Me To Church
The Neighbourhood - Sweater Weather,321,,16,,21624450,3955769627,The Neighbourhood,Sweater Weather
Drake - One Dance,313,26.0,1,(x14),47782311,3245348761,Drake,One Dance
John Legend - All of Me,310,15.0,3,(x2),8733114,1278923495,John Legend,All of Me
The Weeknd - Starboy,305,21.0,1,(x6),35360281,3708106643,The Weeknd,Starboy
The Chainsmokers - Something Just Like This,299,12.0,2,(x2),33173199,2565319077,The Chainsmokers,Something Just Like This
Travis Scott - goosebumps,280,,13,,22652793,1930715182,Travis Scott,goosebumps
Coldplay - Yellow,280,,19,,19818571,2996823016,Coldplay,Yellow
The Chainsmokers - Closer,262,28.0,1,(x11),46300740,2335489305,The Chainsmokers,Closer
Tom Odell - Another Love,262,,15,,20219891,3081997803,Tom Odell,Another Love
Imagine Dragons - Demons,244,6.0,8,,11240856,1232145944,Imagine Dragons,Demons
Eminem - Without Me,243,,31,,14105930,2118905098,Eminem,Without Me
Ed Sheeran - Thinking out Loud,241,22.0,1,(x2),12966533,1256739061,Ed Sheeran,Thinking out Loud
The Killers - Mr. Brightside,238,,44,,14737167,1660265474,The Killers,Mr. Brightside
Eminem - Lose Yourself,237,,44,,10904034,948912403,Eminem,Lose Yourself
Arctic Monkeys - Do I Wanna Know?,234,,38,,9519123,1250364942,Arctic Monkeys,Do I Wanna Know?
Bruno Mars - Locked out of Heaven,232,,18,,19098304,2105547970,Bruno Mars,Locked out of Heaven
The Police - Every Breath You Take,229,2.0,8,,25306108,2374039622,The Police,Every Breath You Take
J. Cole - No Role Modelz,227,,64,,11091492,1369389336,J. Cole,No Role Modelz
Arctic Monkeys - 505,225,,43,,13120065,2311160336,Arctic Monkeys,505
Harry Styles - Watermelon Sugar,225,18.0,4,,28265526,2600844950,Harry Styles,Watermelon Sugar
Queen - Bohemian Rhapsody - Remastered 2011,224,,11,,18440196,1484719835,Queen,Bohemian Rhapsody - Remastered 2011
Bruno Mars - When I Was Your Man,219,,38,,15866628,1758171178,Bruno Mars,When I Was Your Man
XXXTENTACION - Jocelyn Flores,217,2.0,7,,25442646,1511632218,XXXTENTACION,Jocelyn Flores
Avicii - Wake Me Up,216,13.0,3,(x2),20549219,1035548559,Avicii,Wake Me Up
The Weeknd - Die For You,215,,12,,22988828,2554670039,The Weeknd,Die For You
Harry Styles - As It Was,206,60.0,1,(x11),78460903,4271070367,Harry Styles,As It Was
Juice WRLD - Lucid Dreams,204,15.0,3,(x1),27389019,1911008149,Juice WRLD,Lucid Dreams
Arctic Monkeys - I Wanna Be Yours,199,,15,,21021481,3215531710,Arctic Monkeys,I Wanna Be Yours
Cigarettes After Sex - Apocalypse,196,,53,,13385982,1940911985,Cigarettes After Sex,Apocalypse
Coldplay - Viva La Vida,196,,31,,18240182,2149698713,Coldplay,Viva La Vida
Glass Animals - Heat Waves,194,37.0,1,(x10),31668100,3002545699,Glass Animals,Heat Waves
The Weeknd - The Hills,189,11.0,3,(x1),14363491,1225278679,The Weeknd,The Hills
Bruno Mars - That's What I Like,188,9.0,6,,23602385,1907547647,Bruno Mars,That's What I Like
One Direction - Night Changes,185,1.0,8,,32106780,1590519143,One Direction,Night Changes
Lord Huron - The Night We Met,184,,15,,21456993,2463774201,Lord Huron,The Night We Met
Lady Gaga - Shallow,182,12.0,3,(x2),31597226,1738805577,Lady Gaga,Shallow
Macklemore & Ryan Lewis - Can't Hold Us,181,,86,,11440256,1596805732,Macklemore & Ryan Lewis,Can't Hold Us
Bruno Mars - Just the Way You Are,179,,34,,17397565,1748070078,Bruno Mars,Just the Way You Are
Keane - Somewhere Only We Know,179,,71,,11772825,1687968805,Keane,Somewhere Only We Know
The Kid LAROI - Stay,178,43.0,1,(x12),70502410,3308282556,The Kid LAROI,Stay
Passenger - Let Her Go,177,,13,,4815894,475972877,Passenger,Let Her Go
The Walters - I Love You So,177,,21,,14526745,1733687424,The Walters,I Love You So
Ruth B. - Dandelions,173,,34,,11383604,1653359488,Ruth B.,Dandelions
Post Malone - rockstar,172,27.0,1,(x17),46995997,2072812831,Post Malone,rockstar
Post Malone - Circles,171,18.0,1,(x1),43379405,1905867050,Post Malone,Circles
The Weeknd - Save Your Tears,171,13.0,2,(x4),30115082,1775255281,The Weeknd,Save Your Tears
Coldplay - A Sky Full of Stars,171,12.0,6,,12455072,897506961,Coldplay,A Sky Full of Stars
Lana Del Rey - Summertime Sadness,166,,83,,10683039,1496674468,Lana Del Rey,Summertime Sadness
Dua Lipa - Don't Start Now,164,33.0,2,(x1),37779776,2095527045,Dua Lipa,Don't Start Now
XXXTENTACION - SAD!,163,12.0,1,(x2),38010231,1531066913,XXXTENTACION,SAD!
Lauv - I Like Me Better,163,,29,,12704967,1030373108,Lauv,I Like Me Better
"Tyler, The Creator - See You Again",159,,16,,20536166,2077859164,"Tyler, The Creator",See You Again
Conan Gray - Heather,159,,12,,18431861,1308582983,Conan Gray,Heather
Imagine Dragons - Radioactive,158,,15,,3353347,374359494,Imagine Dragons,Radioactive
Tears For Fears - Everybody Wants To Rule The World,152,,51,,13103210,1343411524,Tears For Fears,Everybody Wants To Rule The World
Tones And I - Dance Monkey,151,41.0,1,(x17),52055226,2538070349,Tones And I,Dance Monkey
Kendrick Lamar - All The Stars,150,10.0,2,(x2),44478255,1912557101,Kendrick Lamar,All The Stars
Fleetwood Mac - Dreams - 2004 Remaster,149,,20,,15475652,1347832374,Fleetwood Mac,Dreams - 2004 Remaster
J Balvin - LA CANCIÃN,148,,11,,28210002,1361566110,J Balvin,LA CANCIÃN
Travis Scott - SICKO MODE,147,21.0,2,(x1),33399542,1423300401,Travis Scott,SICKO MODE
Macklemore & Ryan Lewis - Can't Hold Us,147,,14,,5280049,339327547,Macklemore & Ryan Lewis,Can't Hold Us
Jung Kook - Seven,146,22.0,1,(x9),89748171,2703773945,Jung Kook,Seven
Shawn Mendes - SeÃ±orita,146,23.0,1,(x14),67237638,2072961200,Shawn Mendes,SeÃ±orita
Sam Smith - Stay With Me,146,26.0,2,(x4),8537137,585430499,Sam Smith,Stay With Me
Elton John - Cold Heart - PNAU Remix,145,28.0,4,,28043005,1974787398,Elton John,Cold Heart - PNAU Remix
Taylor Swift - Cruel Summer,144,37.0,2,(x3),35517192,2694363550,Taylor Swift,Cruel Summer
Ariana Grande - 7 rings,143,16.0,1,(x10),71467874,1547429518,Ariana Grande,7 rings
Imagine Dragons - Thunder,143,3.0,8,,21076623,1201237576,Imagine Dragons,Thunder
Linkin Park - In the End,141,,22,,15373140,1446920670,Linkin Park,In the End
French Montana - Unforgettable,140,15.0,3,(x1),25652839,1464338423,French Montana,Unforgettable
The Goo Goo Dolls - Iris,139,,12,,21584424,1976241361,The Goo Goo Dolls,Iris
Coldplay - The Scientist,138,,71,,12399580,908325993,Coldplay,The Scientist
Twenty One Pilots - Stressed Out,137,12.0,6,,18271666,956326479,Twenty One Pilots,Stressed Out
Justin Bieber - Ghost,137,,11,,17091238,1479820285,Justin Bieber,Ghost
Billie Eilish - bad guy,135,24.0,1,(x6),50342324,1896726225,Billie Eilish,bad guy
XXXTENTACION - Moonlight,134,2.0,2,(x1),27497557,1055535621,XXXTENTACION,Moonlight
The Weeknd - One Of The Girls,134,12.0,3,(x1),33826703,2495405341,The Weeknd,One Of The Girls
Oasis - Wonderwall - Remastered,133,,63,,13393178,729661612,Oasis,Wonderwall - Remastered
Teddy Swims - Lose Control,129,9.0,5,,33398917,2386092186,Teddy Swims,Lose Control
Rihanna - We Found Love,129,,59,,12488268,1056395408,Rihanna,We Found Love
Eminem - The Real Slim Shady,128,,51,,12550236,944548132,Eminem,The Real Slim Shady
Post Malone - Congratulations,128,,20,,15632229,990710095,Post Malone,Congratulations
Steve Lacy - Dark Red,128,,66,,10059878,1040968870,Steve Lacy,Dark Red
Sia - Chandelier,128,23.0,3,(x3),8493093,516437237,Sia,Chandelier
Maroon 5 - Memories,127,15.0,2,(x1),31572344,1378872769,Maroon 5,Memories
Radiohead - Creep,126,,27,,15671297,1426372055,Radiohead,Creep
Justin Bieber - Love Yourself,126,22.0,1,(x3),28218558,1141316734,Justin Bieber,Love Yourself
SZA - Snooze,125,,27,,17296437,1527001258,SZA,Snooze
Major Lazer - Lean On,125,33.0,1,(x10),18924031,964057022,Major Lazer,Lean On
Arctic Monkeys - Why'd You Only Call Me When You're High?,124,,95,,10312381,930370614,Arctic Monkeys,Why'd You Only Call Me When You're High?
Charlie Puth - We Don't Talk Anymore,124,1.0,9,,18248508,864242777,Charlie Puth,We Don't Talk Anymore
DJ Snake - Let Me Love You,123,22.0,2,(x1),32792765,1424901292,DJ Snake,Let Me Love You
Dean Lewis - Be Alright,123,,12,,17708246,904001655,Dean Lewis,Be Alright
Billie Eilish - when the party's over,122,1.0,9,,22448428,1064339831,Billie Eilish,when the party's over
Manuel Turizo - La Bachata,122,25.0,4,,30443567,1937228986,Manuel Turizo,La Bachata
Don Omar - Danza Kuduro,122,,80,,11832337,1176064768,Don Omar,Danza Kuduro
Lewis Capaldi - Before You Go,122,,19,,16267082,1171062417,Lewis Capaldi,Before You Go
Clean Bandit - Rather Be,121,17.0,1,(x7),8491112,446561447,Clean Bandit,Rather Be
Halsey - Without Me,121,16.0,4,,27576694,1192139465,Halsey,Without Me
SZA - Kill Bill,121,26.0,1,(x2),55234610,2413447813,SZA,Kill Bill
Lil Uzi Vert - XO TOUR Llif3,121,2.0,10,,19373632,1077596021,Lil Uzi Vert,XO TOUR Llif3
5 Seconds of Summer - Youngblood,120,1.0,8,,22841733,984672105,5 Seconds of Summer,Youngblood
Benson Boone - Beautiful Things,119,30.0,1,(x6),55391293,2894199625,Benson Boone,Beautiful Things
Hotel Ugly - Shut up My Moms Calling,119,,78,,12221474,1125947705,Hotel Ugly,Shut up My Moms Calling
Zara Larsson - Lush Life,117,5.0,7,,28822758,1038409017,Zara Larsson,Lush Life
David Guetta - I'm Good (Blue),117,21.0,2,(x4),34345014,1880998531,David Guetta,I'm Good (Blue)
Marshmello - Happier,117,22.0,2,(x1),28685390,1314561043,Marshmello,Happier
Avicii - The Nights,116,,18,,11612203,577138124,Avicii,The Nights
Dua Lipa - Levitating,116,12.0,4,,30358414,1576155950,Dua Lipa,Levitating
Katy Perry - Dark Horse,115,19.0,1,(x5),7952065,342545079,Katy Perry,Dark Horse
Miley Cyrus - Flowers,115,25.0,1,(x12),115156896,2459389429,Miley Cyrus,Flowers
Djo - End of Beginning,115,23.0,1,(x5),57615296,2474886920,Djo,End of Beginning
OneRepublic - I Ain't Worried,114,8.0,7,,25270059,1663352530,OneRepublic,I Ain't Worried
Adele - Easy On Me,114,22.0,1,(x7),84952932,1602558038,Adele,Easy On Me
d4vd - Romantic Homicide,114,,17,,17688935,1254395479,d4vd,Romantic Homicide
Camila Cabello - Havana,114,25.0,1,(x1),33129706,1305095150,Camila Cabello,Havana
Post Malone - Better Now,114,11.0,1,(x6),40788286,1232129792,Post Malone,Better Now
BTS - Dynamite,113,17.0,2,(x2),39904687,1387320531,BTS,Dynamite
Tate McRae - greedy,113,29.0,1,(x4),40228313,2026068213,Tate McRae,greedy
Travis Scott - HIGHEST IN THE ROOM,112,7.0,1,(x1),48161108,1152019953,Travis Scott,HIGHEST IN THE ROOM
Coolio - Gangsta's Paradise,112,,40,,12250358,835958075,Coolio,Gangsta's Paradise
Ariana Grande - we can't be friends (wait for your love),111,7.0,1,(x2),60418741,1902784787,Ariana Grande,we can't be friends (wait for your love)
Calvin Harris - One Kiss,111,14.0,2,(x4),30380257,1225387792,Calvin Harris,One Kiss
Justin Bieber - Sorry,111,21.0,1,(x8),34283993,1167627790,Justin Bieber,Sorry
TOTO - Africa,110,,95,,10243724,707391224,TOTO,Africa
Kendrick Lamar - HUMBLE.,110,12.0,1,(x1),41269524,1154154789,Kendrick Lamar,HUMBLE.
Taylor Swift - Blank Space,109,,27,,16946544,992868409,Taylor Swift,Blank Space
Sam Smith - Too Good At Goodbyes,109,6.0,3,(x2),28527847,780246421,Sam Smith,Too Good At Goodbyes
Harry Styles - Adore You,109,1.0,6,,25393341,1013643460,Harry Styles,Adore You
Nirvana - Smells Like Teen Spirit - Remastered,109,,103,,10352266,864369586,Nirvana,Smells Like Teen Spirit - Remastered
Frank Ocean - Pink + White,108,,67,,13339571,1079281236,Frank Ocean,Pink + White
Linkin Park - Numb,108,,24,,19689324,1084123644,Linkin Park,Numb
Jason Mraz - I'm Yours,108,,124,,5127210,339681006,Jason Mraz,I'm Yours
"Chappell Roan - Good Luck, Babe!",107,19.0,6,,40219805,2076761242,Chappell Roan,"Good Luck, Babe!"
Sabrina Carpenter - Espresso,107,32.0,1,(x5),76427890,2926777612,Sabrina Carpenter,Espresso
Post Malone - White Iverson,107,,38,,6058616,387186554,Post Malone,White Iverson
Mark Ronson - Uptown Funk,105,23.0,1,(x8),15350322,603131958,Mark Ronson,Uptown Funk
Bad Bunny - DÃKITI,105,17.0,1,(x5),53344093,1360920532,Bad Bunny,DÃKITI
WALK THE MOON - Shut Up and Dance,105,,12,,9699810,500409057,WALK THE MOON,Shut Up and Dance
Dua Lipa - New Rules,104,23.0,2,(x3),26215788,1159764804,Dua Lipa,New Rules
Drake - God's Plan,104,21.0,1,(x11),54891573,1446481457,Drake,God's Plan
Eminem - Mockingbird,103,,24,,17746120,1164496527,Eminem,Mockingbird
Sabrina Carpenter - Nonsense,103,,17,,20784498,1089354127,Sabrina Carpenter,Nonsense
Bastille - Pompeii,103,,11,,4075094,241076976,Bastille,Pompeii
Billie Eilish - WILDFLOWER,102,2.0,9,,34383970,1982728068,Billie Eilish,WILDFLOWER
Billie Eilish - BIRDS OF A FEATHER,102,71.0,1,(x3),66726270,3632118427,Billie Eilish,BIRDS OF A FEATHER
Maroon 5 - Payphone,101,,70,,10824849,773438210,Maroon 5,Payphone
Shawn Mendes - Stitches,100,20.0,5,,15301964,643947324,Shawn Mendes,Stitches
Ed Sheeran - I See Fire,100,7.0,6,,4551384,270796511,Ed Sheeran,I See Fire
The Neighbourhood - Daddy Issues,100,,99,,6905403,603808704,The Neighbourhood,Daddy Issues
Maroon 5 - Girls Like You,100,14.0,2,(x1),29296811,1086166262,Maroon 5,Girls Like You
Imagine Dragons - Bones,99,,26,,16322618,1058534428,Imagine Dragons,Bones
The Weeknd - Stargirl Interlude,99,,42,,11079510,829950989,The Weeknd,Stargirl Interlude
James Bay - Let It Go,99,,60,,4186310,275340921,James Bay,Let It Go
Panic! At The Disco - High Hopes,99,1.0,9,,19643546,822525134,Panic! At The Disco,High Hopes
Mike Posner - I Took A Pill In Ibiza - Seeb Remix,99,22.0,2,(x3),23018299,891175647,Mike Posner,I Took A Pill In Ibiza - Seeb Remix
Olivia Rodrigo - drivers license,98,16.0,1,(x10),80764045,1590283541,Olivia Rodrigo,drivers license
Ava Max - Sweet but Psycho,98,7.0,6,,22400542,951420265,Ava Max,Sweet but Psycho
Regard - Ride It,98,,12,,17371573,845193360,Regard,Ride It
SAINt JHN - Roses - Imanbek Remix,97,23.0,3,(x10),35360782,1393342289,SAINt JHN,Roses - Imanbek Remix
Pharrell Williams - Happy,97,15.0,2,(x2),6678956,257518266,Pharrell Williams,Happy
Maroon 5 - Maps,95,10.0,6,,8957653,421529956,Maroon 5,Maps
Jessie J - Bang Bang,95,12.0,4,,7863797,347170148,Jessie J,Bang Bang
Zach Bryan - Something in the Orange,95,,57,,10534114,870977788,Zach Bryan,Something in the Orange
benny blanco - Eastside,95,11.0,4,,24227312,979529313,benny blanco,Eastside
Juice WRLD - Robbery,95,,18,,16634927,673474919,Juice WRLD,Robbery
d4vd - Here With Me,94,,14,,21588435,1118556679,d4vd,Here With Me
Billie Eilish - ocean eyes,94,,87,,10894428,582085853,Billie Eilish,ocean eyes
Danny Ocean - Me RehÃºso,94,,20,,13515074,864122017,Danny Ocean,Me RehÃºso
Maroon 5 - Sugar,93,11.0,2,(x1),13080140,455952316,Maroon 5,Sugar
Jimin - Who,93,27.0,1,(x3),64762611,2369571673,Jimin,Who
The Chainsmokers - Don't Let Me Down,93,22.0,3,(x2),20867984,937382310,The Chainsmokers,Don't Let Me Down
TV Girl - Lovers Rock,92,,100,,10651800,845280849,TV Girl,Lovers Rock
Juice WRLD - All Girls Are The Same,92,,48,,12987745,565153426,Juice WRLD,All Girls Are The Same
Hozier - Too Sweet,92,13.0,2,(x2),56325657,1795753743,Hozier,Too Sweet
Mariah Carey - All I Want for Christmas Is You,92,42.0,1,(x13),92506541,2117164649,Mariah Carey,All I Want for Christmas Is You
24kGoldn - Mood,91,27.0,1,(x5),41500977,1364348925,24kGoldn,Mood
FloyyMenor - Gata Only,91,22.0,3,(x1),54990825,1828917017,FloyyMenor,Gata Only
Ed Sheeran - Happier,91,1.0,10,,23545568,476467704,Ed Sheeran,Happier
Alan Walker - Faded,91,15.0,7,,17656352,705007917,Alan Walker,Faded
Miguel - Sure Thing,91,,14,,21796337,946910321,Miguel,Sure Thing
Olivia Rodrigo - deja vu,90,8.0,3,(x1),45060633,1075204465,Olivia Rodrigo,deja vu
Ed Sheeran - I Don't Care,90,17.0,1,(x6),58370367,1236890080,Ed Sheeran,I Don't Care
Ed Sheeran - Shivers,90,23.0,4,,31926382,1240024967,Ed Sheeran,Shivers
KAROL G - Si Antes Te Hubiera Conocido,90,15.0,5,,41120665,1657024247,KAROL G,Si Antes Te Hubiera Conocido
Gigi Perez - Sailor Song,89,13.0,7,,32953798,1818472015,Gigi Perez,Sailor Song
Galantis - Runaway (U & I),89,,36,,4898044,241275752,Galantis,Runaway (U & I)
Lady Gaga - Die With A Smile,89,61.0,1,(x30),78624101,3588703006,Lady Gaga,Die With A Smile
Pitbull - Timber,89,26.0,1,(x6),8721981,323691629,Pitbull,Timber
Harry Styles - Falling,88,,29,,14809370,547095456,Harry Styles,Falling
Adele - Set Fire to the Rain,88,,61,,11540759,762714845,Adele,Set Fire to the Rain
Coldplay - Sparks,88,,30,,16709978,989906840,Coldplay,Sparks
Anne-Marie - 2002,87,,27,,13698716,644432285,Anne-Marie,2002
"Ariana Grande - thank u, next",87,17.0,1,(x8),59975503,1109308699,Ariana Grande,"thank u, next"
Charlie Puth - Attention,87,13.0,5,,22888447,954868551,Charlie Puth,Attention
Post Malone - I Fall Apart,87,1.0,10,,17129238,750917723,Post Malone,I Fall Apart
Bebe Rexha - Meant to Be,87,,18,,14838238,688386937,Bebe Rexha,Meant to Be
Eminem - Godzilla,87,3.0,4,,40637125,766797511,Eminem,Godzilla
Wham! - Last Christmas,87,34.0,1,(x1),91090914,1815281512,Wham!,Last Christmas
Calvin Harris - Summer,86,19.0,1,(x10),9482413,373542116,Calvin Harris,Summer
Olivia Rodrigo - traitor,86,4.0,7,,32922131,1055045005,Olivia Rodrigo,traitor
Taylor Swift - Donât Blame Me,86,,71,,11362647,781096195,Taylor Swift,Donât Blame Me
Sam Smith - I'm Not The Only One,86,,30,,8947108,338990901,Sam Smith,I'm Not The Only One
Lukas Graham - 7 Years,86,14.0,2,(x1),21578772,691799286,Lukas Graham,7 Years
Fetty Wap - Trap Queen,86,12.0,7,,11302802,444331168,Fetty Wap,Trap Queen
Kygo - Firestone,85,8.0,4,,8534894,392362160,Kygo,Firestone
Travis Scott - FE!N,84,1.0,5,,36391896,1206111064,Travis Scott,FE!N
a-ha - Take on Me,84,,56,,14327381,808537545,a-ha,Take on Me
The Weeknd - Can't Feel My Face,84,29.0,1,(x1),19390352,641671404,The Weeknd,Can't Feel My Face
Post Malone - Wow.,84,14.0,2,(x1),31165644,962552357,Post Malone,Wow.
blackbear - hot girl bummer,84,3.0,9,,20814917,749077366,blackbear,hot girl bummer
Queen - Another One Bites The Dust - Remastered 2011,84,,36,,11262150,498836583,Queen,Another One Bites The Dust - Remastered 2011
Jack Ã - Where Are Ã Now,83,23.0,3,(x1),12295492,545607839,Jack Ã,Where Are Ã Now
Bad Bunny - Yonaguni,83,9.0,3,(x3),45173496,1098151668,Bad Bunny,Yonaguni
Tate McRae - you broke me first,83,,12,,18627585,791460924,Tate McRae,you broke me first
The Weeknd - Timeless,83,6.0,3,(x1),44559328,1488023574,The Weeknd,Timeless
Sia - Cheap Thrills,83,18.0,3,(x1),22704478,771328890,Sia,Cheap Thrills
The Weeknd - Call Out My Name,83,4.0,1,(x1),40628023,764808848,The Weeknd,Call Out My Name
Wiz Khalifa - See You Again,83,18.0,1,(x6),21852951,484510893,Wiz Khalifa,See You Again
Shawn Mendes - Treat You Better,83,13.0,5,,20386073,726923957,Shawn Mendes,Treat You Better
Tame Impala - The Less I Know The Better,82,,84,,12052267,554212277,Tame Impala,The Less I Know The Better
Alec Benjamin - Let Me Down Slowly,82,,27,,14487348,565615679,Alec Benjamin,Let Me Down Slowly
Rema - Calm Down,82,3.0,9,,25338316,1295568954,Rema,Calm Down
Zedd - The Middle,82,7.0,6,,22125746,741276314,Zedd,The Middle
DNCE - Cake By The Ocean,82,,12,,15222959,547344387,DNCE,Cake By The Ocean
Shawn Mendes - There's Nothing Holdin' Me Back,82,5.0,5,,22413521,747587032,Shawn Mendes,There's Nothing Holdin' Me Back
Bad Bunny - Me Porto Bonito,82,27.0,2,(x1),39839157,1606662164,Bad Bunny,Me Porto Bonito
Lil Nas X - INDUSTRY BABY,81,40.0,2,(x8),53085371,1632867564,Lil Nas X,INDUSTRY BABY
Taylor Swift - august,81,,11,,21018440,840525678,Taylor Swift,august
"Drake - Hold On, We're Going Home",81,8.0,4,,4524152,155015264,Drake,"Hold On, We're Going Home"
Drake - Jimmy Cooks,81,1.0,7,,31710710,818017175,Drake,Jimmy Cooks
Roddy Ricch - The Box,80,18.0,1,(x1),48937592,1251184105,Roddy Ricch,The Box
JAÅ¸-Z - Ni**as In Paris,80,,132,,2527335,136437369,JAÅ¸-Z,Ni**as In Paris
Gracie Abrams - Thatâs So True,80,26.0,3,(x1),47295577,1680689299,Gracie Abrams,Thatâs So True
Doja Cat - Kiss Me More,80,20.0,3,(x4),37723231,1319804269,Doja Cat,Kiss Me More
Post Malone - Psycho,80,14.0,2,(x6),45142484,911952857,Post Malone,Psycho
XXXTENTACION - Fuck Love,80,,19,,16680157,511902114,XXXTENTACION,Fuck Love
ROSÃ - APT.,80,36.0,1,(x3),87041494,2357638664,ROSÃ,APT.
Bruno Mars - Talking to the Moon,80,,45,,12136397,603013197,Bruno Mars,Talking to the Moon
Travis Scott - BUTTERFLY EFFECT,80,,38,,12187233,516744663,Travis Scott,BUTTERFLY EFFECT
Drake - Hotline Bling,80,19.0,2,(x1),20870154,596313469,Drake,Hotline Bling
Khalid - Location,79,,34,,11072906,536818581,Khalid,Location
Taylor Swift - Anti-Hero,79,12.0,1,(x3),82935273,1501835240,Taylor Swift,Anti-Hero
Justin Bieber - What Do You Mean?,79,24.0,1,(x8),29264063,810562117,Justin Bieber,What Do You Mean?
Twenty One Pilots - Ride,79,1.0,10,,15813811,537094400,Twenty One Pilots,Ride
JP Saxe - If The World Was Ending,79,,38,,11350099,566684070,JP Saxe,If The World Was Ending
Powfu - death bed,79,17.0,4,,30329811,1008962364,Powfu,death bed
Ariana Grande - positions,79,13.0,1,(x2),41862937,918652702,Ariana Grande,positions
"Justin Timberlake - CAN'T STOP THE FEELING! (Original Song from DreamWorks Animation's ""TROLLS"")",78,14.0,3,(x6),24236034,707632576,Justin Timberlake,"CAN'T STOP THE FEELING! (Original Song from DreamWorks Animation's ""TROLLS"")"
Ed Sheeran - Bad Habits,78,20.0,3,(x4),38983802,1345540456,Ed Sheeran,Bad Habits
Olivia Rodrigo - good 4 u,78,17.0,1,(x7),84131760,1618703681,Olivia Rodrigo,good 4 u
Kendrick Lamar - Not Like Us,78,17.0,2,(x3),73078518,1703697124,Kendrick Lamar,Not Like Us
Sia - Unstoppable,78,,96,,9448455,574347693,Sia,Unstoppable
Dua Lipa - IDGAF,78,12.0,4,,23715748,765728252,Dua Lipa,IDGAF
Chappell Roan - Pink Pony Club,78,,24,,26198597,980834948,Chappell Roan,Pink Pony Club
Justin Bieber - Peaches,77,14.0,1,(x3),52357127,1213245560,Justin Bieber,Peaches
Pitbull - Give Me Everything,77,,72,,12450888,747580903,Pitbull,Give Me Everything
Morgan Wallen - Last Night,77,,14,,22261083,968759596,Morgan Wallen,Last Night
Taylor Swift - cardigan,77,2.0,1,(x1),35783009,842468789,Taylor Swift,cardigan
Feid - LUNA,77,4.0,9,,28125311,1275818674,Feid,LUNA
Doja Cat - Woman,77,7.0,6,,29648304,1111134654,Doja Cat,Woman
Khalid - Young Dumb & Broke,76,,12,,15871063,594366159,Khalid,Young Dumb & Broke
Sam Smith - Dancing With A Stranger,76,10.0,7,,23144963,702710293,Sam Smith,Dancing With A Stranger
Trevor Daniel - Falling,76,12.0,5,,29862206,1004734702,Trevor Daniel,Falling
Shaboozey - A Bar Song (Tipsy),76,13.0,6,,45881416,1440720347,Shaboozey,A Bar Song (Tipsy)
Childish Gambino - Redbone,76,,35,,11798468,434702997,Childish Gambino,Redbone
Cardi B - I Like It,76,14.0,2,(x1),27369377,926934200,Cardi B,I Like It
The MarÃ­as - No One Noticed,76,,37,,15682345,940436104,The MarÃ­as,No One Noticed
Mitski - My Love Mine All Mine,76,18.0,3,(x2),31544921,1396357979,Mitski,My Love Mine All Mine
Billie Eilish - everything i wanted,76,5.0,2,(x1),40323676,833351012,Billie Eilish,everything i wanted
Mr. Probz - Waves - Robin Schulz Radio Edit,75,15.0,3,(x4),7253925,278320505,Mr. Probz,Waves - Robin Schulz Radio Edit
KAROL G - AMARGURA,75,,53,,12695923,777080014,KAROL G,AMARGURA
Lost Frequencies - Where Are You Now,75,,18,,14503805,809116251,Lost Frequencies,Where Are You Now
Nico & Vinz - Am I Wrong,75,14.0,6,,6303006,254489431,Nico & Vinz,Am I Wrong
Ellie Goulding - Love Me Like You Do,75,15.0,3,(x4),19080054,411454169,Ellie Goulding,Love Me Like You Do
XXXTENTACION - Look At Me!,75,,39,,11076255,376574941,XXXTENTACION,Look At Me!
Kendrick Lamar - Money Trees,74,,47,,16773087,663254945,Kendrick Lamar,Money Trees
Adele - Hello,74,15.0,1,(x3),44785665,674927785,Adele,Hello
Kina - Get You The Moon,74,,95,,6895350,382141047,Kina,Get You The Moon
Fifth Harmony - Work from Home,74,20.0,2,(x3),22851136,698301324,Fifth Harmony,Work from Home
Nicky Jam - El PerdÃ³n,74,,20,,7326481,299114213,Nicky Jam,El PerdÃ³n
Creedence Clearwater Revival - Have You Ever Seen The Rain,74,,75,,12541636,713607792,Creedence Clearwater Revival,Have You Ever Seen The Rain
Lilly Wood and The Prick - Prayer in C - Robin Schulz Radio Edit,74,8.0,8,,6828745,256874275,Lilly Wood and The Prick,Prayer in C - Robin Schulz Radio Edit
XXXTENTACION - Revenge,74,,63,,10499845,539682195,XXXTENTACION,Revenge
Bad Bunny - TitÃ­ Me PreguntÃ³,74,27.0,4,,39762842,1501619658,Bad Bunny,TitÃ­ Me PreguntÃ³
The Weeknd - Earned It (Fifty Shades Of Grey),73,7.0,6,,12514101,330042000,The Weeknd,Earned It (Fifty Shades Of Grey)
Jason Derulo - Want to Want Me,73,14.0,2,(x1),13288062,384383171,Jason Derulo,Want to Want Me
Sabrina Carpenter - Please Please Please,73,19.0,1,(x2),85283851,1639634583,Sabrina Carpenter,Please Please Please
Taylor Swift - Lover,73,1.0,2,(x1),29990567,804414304,Taylor Swift,Lover
KAROL G - Tusa,73,14.0,3,(x2),41434019,994146025,KAROL G,Tusa
Major Lazer - Light It Up,73,,11,,15684172,604569611,Major Lazer,Light It Up
Lil Nas X - MONTERO (Call Me By Your Name),73,22.0,1,(x5),55582612,1435081319,Lil Nas X,MONTERO (Call Me By Your Name)
Ariana Grande - Santa Tell Me,73,18.0,3,(x1),60868135,1225693899,Ariana Grande,Santa Tell Me
Drake - Jumpman,72,,15,,8120994,358790474,Drake,Jumpman
Michael BublÃ© - It's Beginning to Look a Lot like Christmas,72,13.0,6,,49104030,1124644070,Michael BublÃ©,It's Beginning to Look a Lot like Christmas
David Kushner - Daylight,72,11.0,5,,32418390,1196244710,David Kushner,Daylight
TiÃ«sto - The Business,72,2.0,9,,19493924,765387748,TiÃ«sto,The Business
Bad Bunny - Ojitos Lindos,72,16.0,3,(x2),38207348,1201109544,Bad Bunny,Ojitos Lindos
DaBaby - ROCKSTAR,72,22.0,1,(x7),41679959,1215705911,DaBaby,ROCKSTAR
Kendrick Lamar - luther,72,19.0,2,(x2),62994435,1450216281,Kendrick Lamar,luther
Calvin Harris - Outside,72,13.0,4,,8681259,308806505,Calvin Harris,Outside
Desiigner - Panda,72,13.0,3,(x1),24034197,618141508,Desiigner,Panda
Lil Tecca - Ransom,72,10.0,3,(x2),27574962,781462920,Lil Tecca,Ransom
Coldplay - My Universe,72,6.0,3,(x1),32790116,872919779,Coldplay,My Universe
Bad Bunny - Callaita,71,8.0,7,,22380052,773877306,Bad Bunny,Callaita
Journey - Don't Stop Believin' (2022 Remaster),71,,89,,12141654,712121107,Journey,Don't Stop Believin' (2022 Remaster)
"Billie Eilish - What Was I Made For? [From The Motion Picture ""Barbie""]",71,7.0,3,(x1),37492095,1082541247,Billie Eilish,"What Was I Made For? [From The Motion Picture ""Barbie""]"
Lorde - Royals,71,23.0,1,(x1),5902632,205792336,Lorde,Royals
MAGIC! - Rude,71,17.0,1,(x8),9786082,301690629,MAGIC!,Rude
Marshmello - Silence,71,8.0,8,,20339368,681892436,Marshmello,Silence
Topic - Breaking Me,71,5.0,8,,20464143,737669655,Topic,Breaking Me
Don Toliver - No Pole,71,,72,,13594444,724661773,Don Toliver,No Pole
Ed Sheeran - Beautiful People,71,16.0,3,(x3),36721702,868100792,Ed Sheeran,Beautiful People
Joel Corry - Head & Heart,71,,11,,20052875,775241250,Joel Corry,Head & Heart
Gorillaz - Feel Good Inc,71,,46,,14566236,767913314,Gorillaz,Feel Good Inc
Queen - Don't Stop Me Now - Remastered 2011,71,,51,,9119911,416847354,Queen,Don't Stop Me Now - Remastered 2011
Farruko - Pepas,70,16.0,4,,30119703,1093539197,Farruko,Pepas
Billie Eilish - Happier Than Ever,70,4.0,6,,33200672,834352850,Billie Eilish,Happier Than Ever
Maluma - Borro Cassette,70,,76,,3538813,203086775,Maluma,Borro Cassette
V - Love Me Again,70,,11,,22489337,799490248,V,Love Me Again
Future - Life Is Good,70,5.0,3,(x1),39404104,730795312,Future,Life Is Good
XXXTENTACION - changes,70,1.0,9,,23766098,525212436,XXXTENTACION,changes
Natasha Bedingfield - Unwritten,70,,16,,22288159,835541677,Natasha Bedingfield,Unwritten
Noah Kahan - Stick Season,70,8.0,6,,28868638,1155569236,Noah Kahan,Stick Season
Jonas Brothers - Sucker,70,11.0,2,(x2),34629196,756754337,Jonas Brothers,Sucker
JVKE - golden hour,70,,14,,21078730,925466265,JVKE,golden hour
Arizona Zervas - ROXANNE,70,16.0,2,(x5),34104838,1006176752,Arizona Zervas,ROXANNE
"G-Eazy - Me, Myself & I",70,14.0,4,,17839641,564775200,G-Eazy,"Me, Myself & I"
George Ezra - Budapest,70,,40,,3786016,165927642,George Ezra,Budapest
Calvin Harris - Blame,69,18.0,1,(x6),12294095,303621856,Calvin Harris,Blame
The Chainsmokers - Roses,69,6.0,7,,14398355,484221245,The Chainsmokers,Roses
Olivia Rodrigo - happier,69,,12,,27142760,611454554,Olivia Rodrigo,happier
Robin Schulz - Sugar,69,6.0,9,,10750515,461767760,Robin Schulz,Sugar
Guns N' Roses - Sweet Child O' Mine,69,,101,,9688204,557500210,Guns N' Roses,Sweet Child O' Mine
Bad Bunny - EoO,69,5.0,4,,41160736,1070765344,Bad Bunny,EoO
Jimin - Like Crazy,69,,15,,23325668,968471235,Jimin,Like Crazy
Bad Bunny - BAILE INoLVIDABLE,69,14.0,2,(x3),56927742,1465022951,Bad Bunny,BAILE INoLVIDABLE
Post Malone - I Had Some Help (Feat. Morgan Wallen),69,8.0,3,(x1),66560055,1233033416,Post Malone,I Had Some Help (Feat. Morgan Wallen)
Bad Bunny - DtMF,69,25.0,1,(x7),88786254,1799294458,Bad Bunny,DtMF
Bad Bunny - NUEVAYoL,69,8.0,3,(x2),52228763,1226447566,Bad Bunny,NUEVAYoL
Metro Boomin - Creepin',68,15.0,2,(x1),36446537,1239540881,Metro Boomin,Creepin'
The Weeknd - I Feel It Coming,68,8.0,4,,22658206,614496718,The Weeknd,I Feel It Coming
Kygo - Stole the Show,68,11.0,4,,11026528,339965022,Kygo,Stole the Show
ZAYN - I Donât Wanna Live Forever (Fifty Shades Darker),68,14.0,2,(x2),30694422,682354310,ZAYN,I Donât Wanna Live Forever (Fifty Shades Darker)
Sia - Elastic Heart,68,4.0,7,,8781820,235072359,Sia,Elastic Heart
Lil Nas X - Old Town Road - Remix,68,19.0,2,(x4),36616698,1010618722,Lil Nas X,Old Town Road - Remix
"Bizarrap - Quevedo: Bzrp Music Sessions, Vol. 52",68,22.0,1,(x9),54841779,1466812232,Bizarrap,"Quevedo: Bzrp Music Sessions, Vol. 52"
Ed Sheeran - Don't,68,,14,,5676251,226163018,Ed Sheeran,Don't
Offset - Ric Flair Drip,68,,32,,10965630,477264595,Offset,Ric Flair Drip
Maroon 5 - What Lovers Do,68,10.0,5,,23951075,651050835,Maroon 5,What Lovers Do
Lil Mosey - Blueberry Faygo,68,5.0,8,,25687351,816131839,Lil Mosey,Blueberry Faygo
Tyga - Taste,67,4.0,6,,24591233,690276332,Tyga,Taste
Marshmello - FRIENDS,67,13.0,4,,25664581,714909410,Marshmello,FRIENDS
Rauw Alejandro - QuÃ© PasarÃ­a...,67,,17,,26424617,919502363,Rauw Alejandro,QuÃ© PasarÃ­a...
Hailee Steinfeld - Starving,66,,12,,16495002,539154382,Hailee Steinfeld,Starving
Pop Smoke - Dior,66,,40,,10897700,397464868,Pop Smoke,Dior
Dynoro - In My Mind,66,10.0,6,,22288306,676704919,Dynoro,In My Mind
Ellie Goulding - Burn,66,16.0,6,,3862233,144859253,Ellie Goulding,Burn
XXXTENTACION - Everybody Dies In Their Nightmares,66,,24,,14237794,367778120,XXXTENTACION,Everybody Dies In Their Nightmares
MÃ¥neskin - Beggin',66,15.0,1,(x4),52160401,1094371409,MÃ¥neskin,Beggin'
Disclosure - Latch,66,,17,,4212371,162259070,Disclosure,Latch
Ariana Grande - One Last Time,65,,12,,7702106,218601836,Ariana Grande,One Last Time
Zach Bryan - I Remember Everything,65,,20,,18293011,882273189,Zach Bryan,I Remember Everything
Julia Michaels - Issues,65,1.0,9,,18886951,533154479,Julia Michaels,Issues
Surf Curse - Freaks,65,,55,,9545491,484119260,Surf Curse,Freaks
Calvin Harris - This Is What You Came For,65,18.0,2,(x11),26378633,719415932,Calvin Harris,This Is What You Came For
The Weeknd - Save Your Tears (Remix),65,,43,,10172117,515660288,The Weeknd,Save Your Tears (Remix)
Dua Lipa - Break My Heart,65,2.0,7,,25320233,674770728,Dua Lipa,Break My Heart
Internet Money - Lemonade,65,13.0,2,(x2),30094068,854723643,Internet Money,Lemonade
Clean Bandit - Rockabye,65,14.0,3,(x3),22798862,674373152,Clean Bandit,Rockabye
Zion & Lennox - Otra vez,65,,42,,7496050,368400468,Zion & Lennox,Otra vez
Ariana Grande - Problem,65,18.0,2,(x3),7890249,262950109,Ariana Grande,Problem
Katy Perry - Roar,65,14.0,2,(x3),5549675,141090106,Katy Perry,Roar
Portugal. The Man - Feel It Still,64,,18,,14096574,503935939,Portugal. The Man,Feel It Still
Stephen Sanchez - Until I Found You,64,1.0,10,,21822777,804541052,Stephen Sanchez,Until I Found You
Flo Rida - GDFR,64,8.0,6,,9333191,261816623,Flo Rida,GDFR
Fifth Harmony - Worth It,64,,12,,8538491,248842717,Fifth Harmony,Worth It
Milky Chance - Stolen Dance,64,,11,,5886704,190227561,Milky Chance,Stolen Dance
Luis Fonsi - Despacito - Remix,64,19.0,1,(x14),54729818,1092396262,Luis Fonsi,Despacito - Remix
DJ Snake - Middle,64,,16,,14182166,441638949,DJ Snake,Middle
Brenda Lee - Rockin' Around The Christmas Tree,64,23.0,3,(x7),82406485,1382692435,Brenda Lee,Rockin' Around The Christmas Tree
Calvin Harris - How Deep Is Your Love,64,14.0,3,(x2),13109875,430830938,Calvin Harris,How Deep Is Your Love
Bobby Helms - Jingle Bell Rock,64,19.0,4,,72625966,1237235031,Bobby Helms,Jingle Bell Rock
Alex Warren - Ordinary,64,37.0,1,(x7),40299624,1821442339,Alex Warren,Ordinary
Khalid - Better,64,2.0,7,,21831365,601815595,Khalid,Better
Loud Luxury - Body,64,,19,,16136787,502428465,Loud Luxury,Body
The Kid LAROI - NIGHTS LIKE THIS,63,,41,,16263546,718761466,The Kid LAROI,NIGHTS LIKE THIS
BTS - Butter,63,7.0,2,(x1),58122349,784885473,BTS,Butter
Lady Gaga - Poker Face,63,,37,,15497747,584644929,Lady Gaga,Poker Face
Fetty Wap - 679,63,,11,,9291126,263733125,Fetty Wap,679
Lola Young - Messy,63,3.0,7,,33432430,1036552784,Lola Young,Messy
Bruno Mars - Leave The Door Open,63,11.0,5,,26025274,807466173,Bruno Mars,Leave The Door Open
KAROL G - QLONA,63,7.0,5,,29546576,1067701383,KAROL G,QLONA
MEDUZA - Piece Of Your Heart,62,,14,,16900857,544816971,MEDUZA,Piece Of Your Heart
Tyla - Water,62,,12,,24826187,881950822,Tyla,Water
The Weeknd - Often,62,,41,,5054030,120070975,The Weeknd,Often
Rauw Alejandro - Todo De Ti,62,10.0,2,(x4),47564794,904188121,Rauw Alejandro,Todo De Ti
Bruno Mars - 24K Magic,62,6.0,6,,20739017,527459491,Bruno Mars,24K Magic
Avicii - Waiting For Love,62,11.0,3,(x1),15652092,327672368,Avicii,Waiting For Love
Axwell /\ Ingrosso - More Than You Know,62,,15,,16550135,517548978,Axwell /\ Ingrosso,More Than You Know
DJ Snake - Taki Taki,62,18.0,1,(x4),40931264,896064520,DJ Snake,Taki Taki
Logic - 1-800-273-8255,62,9.0,5,,23662238,629521089,Logic,1-800-273-8255
Ali Gatie - It's You,62,,27,,13084417,507361105,Ali Gatie,It's You
Enrique Iglesias - Bailando - Spanish Version,62,,39,,3132780,141087933,Enrique Iglesias,Bailando - Spanish Version
Jonas Blue - Fast Car,62,4.0,10,,16501675,502209439,Jonas Blue,Fast Car
Luis Fonsi - Despacito (Featuring Daddy Yankee),62,15.0,4,,27082220,802424995,Luis Fonsi,Despacito (Featuring Daddy Yankee)
Maroon 5 - Animals,61,10.0,3,(x1),8076199,234997613,Maroon 5,Animals
Andy Williams - It's the Most Wonderful Time of the Year,61,7.0,7,,52250369,992067112,Andy Williams,It's the Most Wonderful Time of the Year
Twenty One Pilots - Heathens,61,13.0,4,,26546200,629357576,Twenty One Pilots,Heathens
Imagine Dragons - Enemy,61,13.0,3,(x4),26745557,774575795,Imagine Dragons,Enemy
Lana Del Rey - Young And Beautiful,61,,104,,10425967,533244583,Lana Del Rey,Young And Beautiful
Sabrina Carpenter - Taste,61,13.0,3,(x3),56201169,1253909442,Sabrina Carpenter,Taste
Chris Brown - Under The Influence,61,7.0,6,,26896173,892423448,Chris Brown,Under The Influence
Ariana Grande - no tears left to cry,61,8.0,2,(x1),38925971,685597568,Ariana Grande,no tears left to cry
Pedro CapÃ³ - Calma - Remix,61,9.0,5,,23772814,687647813,Pedro CapÃ³,Calma - Remix
W Sound - La Plena - W Sound 05,61,14.0,5,,26563244,1063117666,W Sound,La Plena - W Sound 05
Justin Bieber - Mistletoe,61,,15,,42669579,750247513,Justin Bieber,Mistletoe
Lost Frequencies - Are You With Me,61,1.0,10,,8857030,262634560,Lost Frequencies,Are You With Me
Ariana Grande - Break Free,60,12.0,2,(x2),9101875,248504204,Ariana Grande,Break Free
Lewis Capaldi - Bruises,60,,66,,7561281,328226690,Lewis Capaldi,Bruises
Major Lazer - Cold Water,60,17.0,1,(x5),39612302,815313617,Major Lazer,Cold Water
Clean Bandit - Symphony,60,,11,,21433880,561744393,Clean Bandit,Symphony
Jason Derulo - Trumpets,60,,26,,3583542,119271329,Jason Derulo,Trumpets
Doja Cat - Need To Know,60,3.0,6,,29990272,818770638,Doja Cat,Need To Know
Billie Eilish - CHIHIRO,60,2.0,5,,56145760,880188212,Billie Eilish,CHIHIRO
Doja Cat - Say So,60,8.0,6,,25776622,678877812,Doja Cat,Say So
Bad Bunny - VOY A LLeVARTE PA PR,60,4.0,8,,41507893,872590571,Bad Bunny,VOY A LLeVARTE PA PR
Maluma - HawÃ¡i,60,12.0,2,(x2),41071843,777609130,Maluma,HawÃ¡i
Rihanna - Work,60,15.0,1,(x9),33662868,652396816,Rihanna,Work
Stephen Sanchez - Until I Found You,60,,20,,17126410,703398307,Stephen Sanchez,Until I Found You
Ed Sheeran - Tenerife Sea,60,,94,,3235261,98613738,Ed Sheeran,Tenerife Sea
Pitbull - Time of Our Lives,60,5.0,8,,8897197,227415012,Pitbull,Time of Our Lives
Imagine Dragons - Whatever It Takes,60,,51,,8662342,281557178,Imagine Dragons,Whatever It Takes
Avicii - Hey Brother,60,24.0,2,(x2),13532381,194753156,Avicii,Hey Brother
Rihanna - Needed Me,59,,14,,13619575,458794892,Rihanna,Needed Me
Elley DuhÃ© - MIDDLE OF THE NIGHT,59,,11,,17828258,663695650,Elley DuhÃ©,MIDDLE OF THE NIGHT
Pop Smoke - For The Night,59,4.0,7,,22837971,659826820,Pop Smoke,For The Night
Shawn Mendes - Mercy,59,,19,,13031872,411232555,Shawn Mendes,Mercy
Robin Thicke - Blurred Lines,59,1.0,8,,3382254,89153778,Robin Thicke,Blurred Lines
Bad Bunny - Efecto,59,14.0,6,,26720466,1012068903,Bad Bunny,Efecto
Ariana Grande - Side To Side,59,10.0,6,,20877291,537400584,Ariana Grande,Side To Side
Coldplay - Magic,59,11.0,4,,6090356,169207741,Coldplay,Magic
KAROL G - PROVENZA,59,4.0,6,,26685343,833130132,KAROL G,PROVENZA
Duncan Laurence - Arcade,59,,23,,13727148,489483726,Duncan Laurence,Arcade
ZAYN - PILLOWTALK,59,13.0,1,(x2),27477356,493993282,ZAYN,PILLOWTALK
Unknown Artist - No Me Conoce - Remix,59,,20,,14989110,548583436,Unknown Artist,No Me Conoce - Remix
Martin Garrix - In the Name of Love,59,10.0,6,,21797864,581181619,Martin Garrix,In the Name of Love
DJ Snake - Turn Down for What,59,,14,,4322985,124742389,DJ Snake,Turn Down for What
Myles Smith - Stargazing,58,,16,,27908328,830939227,Myles Smith,Stargazing
Rihanna - Bitch Better Have My Money,58,,17,,8932072,201259765,Rihanna,Bitch Better Have My Money
Flo Rida - My House,58,,14,,12794270,346321502,Flo Rida,My House
Ed Sheeran - Galway Girl,58,5.0,2,(x1),31063488,542207088,Ed Sheeran,Galway Girl
Iggy Azalea - Fancy,58,16.0,3,(x1),7546352,209371857,Iggy Azalea,Fancy
Jonas Blue - Perfect Strangers,58,,12,,17072020,436465982,Jonas Blue,Perfect Strangers
Rihanna - FourFiveSeconds,58,4.0,1,(x3),16027911,232635112,Rihanna,FourFiveSeconds
Kygo - Higher Love,58,,31,,13369617,407652069,Kygo,Higher Love
Ravyn Lenae - Love Me Not,58,5.0,8,,23854606,1026084138,Ravyn Lenae,Love Me Not
Ed Sheeran - Sing,58,4.0,5,,6391541,168915339,Ed Sheeran,Sing
Drake - Passionfruit,58,6.0,2,(x2),32507239,509345162,Drake,Passionfruit
Rosa Linn - SNAP,58,,16,,18664457,731846561,Rosa Linn,SNAP
Future - Mask Off,58,9.0,5,,25847893,582487201,Future,Mask Off
Adele - Rolling in the Deep,58,,36,,11967809,309601880,Adele,Rolling in the Deep
Bad Bunny - VeLDÃ,58,2.0,9,,38648441,772065432,Bad Bunny,VeLDÃ
sombr - back to friends,58,47.0,1,(x1),42212664,1740978666,sombr,back to friends
Billie Eilish - bury a friend,58,7.0,2,(x1),35408536,608548861,Billie Eilish,bury a friend
BlocBoy JB - Look Alive,57,6.0,6,,22486856,557605940,BlocBoy JB,Look Alive
J Balvin - Mi Gente,57,15.0,1,(x4),32361062,706648562,J Balvin,Mi Gente
Future - Low Life,57,,45,,7228219,244833232,Future,Low Life
Selena Gomez - Wolves,57,14.0,3,(x1),24355051,586228775,Selena Gomez,Wolves
"gnash - i hate u, i love u",57,,13,,13840077,482561714,gnash,"i hate u, i love u"
Coldplay - Adventure Of A Lifetime,57,2.0,9,,11783995,319844726,Coldplay,Adventure Of A Lifetime
Tate McRae - Sports car,57,,16,,23037365,744131514,Tate McRae,Sports car
sombr - undressed,57,7.0,6,,25195406,880539729,sombr,undressed
The Weeknd - Popular,57,,12,,26312521,830892318,The Weeknd,Popular
Jason Derulo - Talk Dirty,57,11.0,7,,4465856,152920396,Jason Derulo,Talk Dirty
DRAM - Broccoli,57,,27,,10613142,358518138,DRAM,Broccoli
Lorde - Team,57,,14,,3798882,126720090,Lorde,Team
Migos - Bad and Boujee,57,1.0,9,,18866776,403195155,Migos,Bad and Boujee
Sam Smith - Unholy,57,22.0,1,(x7),53478156,1326886078,Sam Smith,Unholy
Demi Lovato - Sorry Not Sorry,56,3.0,7,,19545702,517161784,Demi Lovato,Sorry Not Sorry
Evanescence - Bring Me To Life,56,,90,,10831479,530377822,Evanescence,Bring Me To Life
Adele - Someone Like You,56,,38,,11817942,251195885,Adele,Someone Like You
Ed Sheeran - Castle on the Hill,56,9.0,2,(x2),35059860,529615023,Ed Sheeran,Castle on the Hill
Y2K - Lalala,56,5.0,4,,23833624,610441444,Y2K,Lalala
V - Winter Ahead,56,,21,,22715931,582836203,V,Winter Ahead
BeyoncÃ© - 7/11,56,,17,,5440544,140962617,BeyoncÃ©,7/11
James Bay - Hold Back The River,56,,19,,6371196,158408670,James Bay,Hold Back The River
MKTO - Classic,56,,14,,6252786,151991894,MKTO,Classic
Coldplay - Hymn for the Weekend,56,,25,,10256893,297478615,Coldplay,Hymn for the Weekend
Zara Larsson - Never Forget You,56,,21,,10871263,378601678,Zara Larsson,Never Forget You
"Dan + Shay - 10,000 Hours",56,3.0,5,,26054266,485371435,Dan + Shay,"10,000 Hours"
"Gracie Abrams - I Love You, I'm Sorry",56,,16,,21365195,736390817,Gracie Abrams,"I Love You, I'm Sorry"
Meghan Trainor - All About That Bass,56,19.0,2,(x4),10717542,274092082,Meghan Trainor,All About That Bass
Meek Mill - Going Bad,56,,11,,17883199,522394456,Meek Mill,Going Bad
JENNIE - like JENNIE,55,9.0,6,,28893921,765311079,JENNIE,like JENNIE
MEDUZA - Lose Control,55,,27,,13686042,456036493,MEDUZA,Lose Control
Kygo - It Ain't Me,55,14.0,2,(x2),31981993,668193646,Kygo,It Ain't Me
Bryson Tiller - Don't,55,,37,,6334569,200376769,Bryson Tiller,Don't
Zedd - Stay,55,11.0,7,,23118329,586299104,Zedd,Stay
J. Cole - MIDDLE CHILD,55,2.0,2,(x1),33187464,510789619,J. Cole,MIDDLE CHILD
Drake - Money In The Grave (Drake ft. Rick Ross),55,4.0,5,,25117868,508783617,Drake,Money In The Grave (Drake ft. Rick Ross)
Kendrick Lamar - LOVE. FEAT. ZACARI.,55,,14,,18211340,344812963,Kendrick Lamar,LOVE. FEAT. ZACARI.
Lady Gaga - Rain On Me,55,7.0,1,(x1),41627044,597587263,Lady Gaga,Rain On Me
Jawsh 685 - Savage Love (Laxed - Sired Beat),55,15.0,1,(x2),34310255,763557902,Jawsh 685,Savage Love (Laxed - Sired Beat)
Martin Garrix - Scared to Be Lonely,55,4.0,5,,22668956,493661628,Martin Garrix,Scared to Be Lonely
Cardi B - WAP,55,15.0,1,(x5),45977242,848831566,Cardi B,WAP
Masked Wolf - Astronaut In The Ocean,55,13.0,3,(x3),30035792,778977393,Masked Wolf,Astronaut In The Ocean
Flume - Never Be Like You,55,,34,,9239841,298403258,Flume,Never Be Like You
Felix Jaehn - Ain't Nobody (Loves Me Better),55,,12,,8602659,281215456,Felix Jaehn,Ain't Nobody (Loves Me Better)
Michael BublÃ© - Holly Jolly Christmas,55,,12,,44689611,715851728,Michael BublÃ©,Holly Jolly Christmas
Kiiara - Gold,55,,30,,9706023,328077489,Kiiara,Gold
Daddy Yankee - Con Calma,55,15.0,2,(x3),31111446,759270487,Daddy Yankee,Con Calma
Lil Nas X - THATS WHAT I WANT,55,3.0,3,(x1),32546474,714973753,Lil Nas X,THATS WHAT I WANT
Eminem - The Monster,54,18.0,1,(x8),9448084,175202241,Eminem,The Monster
Tory Lanez - The Color Violet,54,,70,,10826089,468625747,Tory Lanez,The Color Violet
Feid - Feliz CumpleaÃ±os Ferxxo,54,,32,,16329306,645307890,Feid,Feliz CumpleaÃ±os Ferxxo
Frank Sinatra - Let It Snow! Let It Snow! Let It Snow!,54,,19,,26541274,560751284,Frank Sinatra,Let It Snow! Let It Snow! Let It Snow!
Jason Derulo - Swalla,54,6.0,6,,21809411,560860745,Jason Derulo,Swalla
Olivia Rodrigo - vampire,54,14.0,1,(x1),52036833,1019468328,Olivia Rodrigo,vampire
Charlie Puth - Marvin Gaye,54,,17,,7806400,220663893,Charlie Puth,Marvin Gaye
Benson Boone - Slow It Down,54,,27,,19967768,713680241,Benson Boone,Slow It Down
Selena Gomez - Good For You,54,11.0,6,,10262365,287319132,Selena Gomez,Good For You
Joji - Glimpse of Us,54,10.0,1,(x1),57470492,912030588,Joji,Glimpse of Us
Justin Bieber - Intentions,54,9.0,5,,35379447,686857521,Justin Bieber,Intentions
Bad Bunny - PERRO NEGRO,54,6.0,4,,37721190,874148443,Bad Bunny,PERRO NEGRO
Feid - Classy 101,54,3.0,8,,27370842,799428245,Feid,Classy 101
Metro Boomin - Too Many Nights,53,,33,,17037306,480366947,Metro Boomin,Too Many Nights
Taylor Swift - Style,53,,24,,17697605,619584897,Taylor Swift,Style
Rauw Alejandro - Desesperados,53,8.0,8,,19550632,619973040,Rauw Alejandro,Desesperados
Eminem - 'Till I Collapse,53,,149,,3965342,135371701,Eminem,'Till I Collapse
The Weeknd - In Your Eyes,53,1.0,6,,26303039,466847469,The Weeknd,In Your Eyes
Fall Out Boy - Centuries,53,,21,,5282344,126934681,Fall Out Boy,Centuries
Capital Cities - Safe And Sound,53,,31,,9203834,93902965,Capital Cities,Safe And Sound
Jung Kook - Standing Next to You,53,4.0,1,(x1),39202729,764810856,Jung Kook,Standing Next to You
Tainy - Lo Siento BB:/,53,,12,,22347970,581354380,Tainy,Lo Siento BB:/
Nio Garcia - Te BotÃ© - Remix,53,2.0,8,,19829896,580565818,Nio Garcia,Te BotÃ© - Remix
Anuel AA - China,53,12.0,2,(x4),33436706,703150756,Anuel AA,China
SZA - Saturn,53,,17,,25025400,743959619,SZA,Saturn
Charlie Puth - Left and Right (Feat. Jung Kook of BTS),52,3.0,7,,30313629,652871153,Charlie Puth,Left and Right (Feat. Jung Kook of BTS)
Sam Smith - Money On My Mind,52,,13,,4103335,128529242,Sam Smith,Money On My Mind
Rihanna - Love On The Brain,52,,68,,11766367,289192544,Rihanna,Love On The Brain
21 Savage - Bank Account,52,,22,,14030108,442378554,21 Savage,Bank Account
Alesso - Heroes (we could be),52,,11,,7138967,182118979,Alesso,Heroes (we could be)
Doja Cat - You Right,52,,15,,22992708,413946382,Doja Cat,You Right
Ariana Grande - Into You,52,,14,,15071769,403909581,Ariana Grande,Into You
The Weeknd - I Was Never There,52,,17,,17597962,490163676,The Weeknd,I Was Never There
Adele - When We Were Young,52,,23,,12435738,243213595,Adele,When We Were Young
Calvin Harris - Promises,52,8.0,5,,23666223,525181112,Calvin Harris,Promises
Drake - In My Feelings,52,15.0,1,(x8),67499798,850630308,Drake,In My Feelings
Gunna - fukumean,52,6.0,9,,25894699,784743419,Gunna,fukumean
"Flo Rida - I Don't Like It, I Love It",51,1.0,9,,8755532,202657050,Flo Rida,"I Don't Like It, I Love It"
Imagine Dragons - On Top Of The World,51,,37,,1714756,61732608,Imagine Dragons,On Top Of The World
Riton - Friday,51,,15,,19050193,577050376,Riton,Friday
Carlos Vives - La Bicicleta,51,,56,,5853593,222884921,Carlos Vives,La Bicicleta
Ozuna - Hey Mor,51,,14,,20388083,766223621,Ozuna,Hey Mor
Post Malone - Candy Paint,51,,17,,17508038,370420835,Post Malone,Candy Paint
X Ambassadors - Renegades,51,,43,,5231323,150108837,X Ambassadors,Renegades
Sam Smith - Like I Can,51,,22,,9813362,181479984,Sam Smith,Like I Can
Fuerza Regida - COQUETA,51,,88,,11864732,493887031,Fuerza Regida,COQUETA
Nirvana - Smells Like Teen Spirit,51,,109,,6708966,256808167,Nirvana,Smells Like Teen Spirit
Cigarettes After Sex - Cry,51,,69,,11966338,468959204,Cigarettes After Sex,Cry
Big Sean - I Don't Fuck With You,51,,34,,3981169,116037513,Big Sean,I Don't Fuck With You
The Weeknd - Reminder,51,,27,,12116867,408098034,The Weeknd,Reminder
Fuerza Regida - Marlboro Rojo,51,,20,,18751053,629637312,Fuerza Regida,Marlboro Rojo
Justin Bieber - Company,51,,19,,11067994,191347560,Justin Bieber,Company
New West - Those Eyes,51,,86,,10531084,462928450,New West,Those Eyes
Deorro - Five More Hours - Deorro x Chris Brown,51,,17,,7687290,196912591,Deorro,Five More Hours - Deorro x Chris Brown
R. City - Locked Away,51,11.0,5,,12867274,324001506,R. City,Locked Away
Shakira - Hips Don't Lie,51,,82,,12417457,466252829,Shakira,Hips Don't Lie
Doja Cat - Paint The Town Red,51,16.0,1,(x4),54379342,1112941427,Doja Cat,Paint The Town Red
Bad Bunny - MIA,51,14.0,1,(x1),39639615,688289134,Bad Bunny,MIA
DJ Khaled - I'm the One,51,16.0,2,(x7),40519723,720238325,DJ Khaled,I'm the One
Rudimental - These Days,51,1.0,9,,19683315,493838843,Rudimental,These Days
Shawn Mendes - In My Blood,51,1.0,7,,21904395,374529988,Shawn Mendes,In My Blood
Shakira - Chantaje,50,,13,,16232454,422780513,Shakira,Chantaje
Wisin - EscÃ¡pate Conmigo,50,,38,,10495140,371029141,Wisin,EscÃ¡pate Conmigo
Shawn Mendes - If I Can't Have You,50,7.0,4,,28103423,499575335,Shawn Mendes,If I Can't Have You
Martin Jensen - Solo Dance,50,,25,,12133568,353947787,Martin Jensen,Solo Dance
Harry Styles - Sign of the Times,50,,14,,18365320,418253410,Harry Styles,Sign of the Times
Pop Smoke - What You Know Bout Love,50,6.0,6,,24810100,570820904,Pop Smoke,What You Know Bout Love
Jason Derulo - Wiggle,50,8.0,2,(x3),7977611,161629972,Jason Derulo,Wiggle
JosÃ© Feliciano - Feliz Navidad,50,3.0,8,,49201649,765010912,JosÃ© Feliciano,Feliz Navidad
Rihanna - Breakin' Dishes,50,,39,,15364001,520613353,Rihanna,Breakin' Dishes
Steve Lacy - Bad Habit,50,3.0,10,,22880789,774633569,Steve Lacy,Bad Habit
Dominic Fike - 3 Nights,50,,51,,9924129,312266940,Dominic Fike,3 Nights
OMI - Cheerleader - Felix Jaehn Remix Radio Edit,49,,14,,8657981,194611409,OMI,Cheerleader - Felix Jaehn Remix Radio Edit
Plan B - Es un Secreto,49,,109,,10750160,445193451,Plan B,Es un Secreto
Lil Wayne - Sucker For Pain,49,2.0,10,,18557325,365530773,Lil Wayne,Sucker For Pain
Michael Jackson - Billie Jean,49,1.0,5,,28509709,517414587,Michael Jackson,Billie Jean
Lil Baby - Drip Too Hard (Lil Baby & Gunna),49,,13,,16365307,448909392,Lil Baby,Drip Too Hard (Lil Baby & Gunna)
SZA - Nobody Gets Me,49,,12,,26444929,537180079,SZA,Nobody Gets Me
Drake - Energy,49,,22,,5202432,103068835,Drake,Energy
Artemas - i like the way you kiss me,49,9.0,1,(x2),62659568,1165824835,Artemas,i like the way you kiss me
J Balvin - UN DIA (ONE DAY) (Feat. Tainy),49,2.0,10,,18329866,475454649,J Balvin,UN DIA (ONE DAY) (Feat. Tainy)
Maluma - SegÃºn QuiÃ©n,49,,17,,19645984,650720813,Maluma,SegÃºn QuiÃ©n
Chance the Rapper - No Problem,49,,88,,4980819,167020288,Chance the Rapper,No Problem
Kali Uchis - Moonlight,49,,37,,15163247,561191462,Kali Uchis,Moonlight
Clean Bandit - Solo,49,7.0,8,,24095921,546828888,Clean Bandit,Solo
Khalid - Love Lies,49,,11,,20042219,483126319,Khalid,Love Lies
Olivia Rodrigo - favorite crime,48,,11,,24070591,431404563,Olivia Rodrigo,favorite crime
AWOLNATION - Sail,48,,28,,1895930,67143569,AWOLNATION,Sail
KYLE - iSpy,48,,21,,14064647,365023274,KYLE,iSpy
Drake - Too Good,48,18.0,5,,19402522,542497343,Drake,Too Good
Black Eyed Peas - RITMO (Bad Boys For Life),48,5.0,9,,23528266,579778398,Black Eyed Peas,RITMO (Bad Boys For Life)
Kanye West - Father Stretch My Hands Pt. 1,48,,33,,12488552,263318595,Kanye West,Father Stretch My Hands Pt. 1
The Chainsmokers - Paris,48,12.0,2,(x3),28872070,531337298,The Chainsmokers,Paris
Big Sean - Bounce Back,48,,21,,13223799,292643691,Big Sean,Bounce Back
Dua Lipa - Dance The Night (From Barbie The Album),48,9.0,5,,33252200,800461212,Dua Lipa,Dance The Night (From Barbie The Album)
Meghan Trainor - Like I'm Gonna Lose You,48,,40,,5828666,155424047,Meghan Trainor,Like I'm Gonna Lose You
CNCO - ReggaetÃ³n Lento (Bailemos),48,,32,,10206700,297855791,CNCO,ReggaetÃ³n Lento (Bailemos)
BeyoncÃ© - Drunk in Love,48,,11,,4070089,96556083,BeyoncÃ©,Drunk in Love
Band Aid - Do They Know It's Christmas? - 1984 Version,48,,12,,28901115,560303640,Band Aid,Do They Know It's Christmas? - 1984 Version
Bazzi - Mine,48,6.0,3,(x1),23681960,468993923,Bazzi,Mine
David Guetta - Hey Mama,48,10.0,3,(x1),12188020,241200778,David Guetta,Hey Mama
Ariana Grande - Stuck with U,48,3.0,2,(x1),34310359,499429056,Ariana Grande,Stuck with U
Harry Styles - Late Night Talking,48,3.0,2,(x1),46528433,643040689,Harry Styles,Late Night Talking
Drake - Fake Love,48,10.0,7,,18569220,476434708,Drake,Fake Love
Nicky Youre - Sunroof,48,,28,,14232510,473537915,Nicky Youre,Sunroof
Calle 24 - Que Onda,47,,16,,20983757,695300537,Calle 24,Que Onda
Drake - Controlla,47,,22,,11928894,352654366,Drake,Controlla
Kate Bush - Running Up That Hill (A Deal With God),47,14.0,1,(x3),57221016,911070181,Kate Bush,Running Up That Hill (A Deal With God)
Hailee Steinfeld - Let Me Go,47,,16,,14630730,431998109,Hailee Steinfeld,Let Me Go
Starley - Call On Me - Ryan Riback Extended Remix,47,,13,,16885441,465738653,Starley,Call On Me - Ryan Riback Extended Remix
BTS - Boy With Luv,47,3.0,3,(x1),31340590,372339508,BTS,Boy With Luv
Post Malone - Goodbyes (Feat. Young Thug),47,13.0,2,(x1),37067320,654675084,Post Malone,Goodbyes (Feat. Young Thug)
Cheat Codes - Sex,47,,11,,16271653,372780908,Cheat Codes,Sex
Liam Payne - Strip That Down,47,7.0,9,,20399177,501969151,Liam Payne,Strip That Down
Queen - Under Pressure - Remastered,47,,55,,8823104,252151109,Queen,Under Pressure - Remastered
zzoilo - Mon Amour - Remix,47,,34,,11502178,374961417,zzoilo,Mon Amour - Remix
Sebastian Yatra - Traicionera,47,,68,,5324707,185664428,Sebastian Yatra,Traicionera
Mustard - Ballin',47,,37,,12004885,327609522,Mustard,Ballin'
Imagine Dragons - Natural,47,,19,,14639164,383817764,Imagine Dragons,Natural
Sia - Snowman,47,3.0,8,,53021049,830228689,Sia,Snowman
Feid - Normal,47,,57,,11162601,405733837,Feid,Normal
Kygo - Stay,47,3.0,8,,11818636,337988679,Kygo,Stay
Maluma - Felices los 4,47,,17,,17123191,462895074,Maluma,Felices los 4
Sabrina Carpenter - Manchild,47,8.0,1,(x1),39775000,899995834,Sabrina Carpenter,Manchild
Gente De Zona - La Gozadera,47,,88,,2541185,94485801,Gente De Zona,La Gozadera
BeÃ©le - mi refe,47,,55,,14509972,531323529,BeÃ©le,mi refe
Post Malone - Go Flex,47,,52,,8195550,210184413,Post Malone,Go Flex
Sabrina Carpenter - Feather,47,,34,,16349100,585632523,Sabrina Carpenter,Feather
Juice WRLD - Come & Go,47,4.0,4,,30027587,461599034,Juice WRLD,Come & Go
The Weeknd - Save Your Tears,47,2.0,5,,27611013,661883213,The Weeknd,Save Your Tears
GIVÄON - Heartbreak Anniversary,47,4.0,8,,23116338,519289468,GIVÄON,Heartbreak Anniversary
Radiohead - Let Down,47,,55,,13687336,513634561,Radiohead,Let Down
Echosmith - Cool Kids,46,,14,,5889234,163521602,Echosmith,Cool Kids
OMI - Cheerleader (Felix Jaehn Remix),46,30.0,2,(x3),13557794,381226227,OMI,Cheerleader (Felix Jaehn Remix)
Chris Brown - No Guidance,46,,11,,18038661,418119567,Chris Brown,No Guidance
Surf Mesa - ily,46,2.0,9,,19894754,499508013,Surf Mesa,ily
Enrique Iglesias - DUELE EL CORAZON,46,,26,,10604406,293282564,Enrique Iglesias,DUELE EL CORAZON
Eslabon Armado - Ella Baila Sola,46,18.0,1,(x9),56584925,1076299892,Eslabon Armado,Ella Baila Sola
Dean Martin - Let It Snow! Let It Snow! Let It Snow!,46,6.0,6,,59385669,818162586,Dean Martin,Let It Snow! Let It Snow! Let It Snow!
Tommy Richman - MILLION DOLLAR BABY,46,11.0,1,(x2),82235497,1113150959,Tommy Richman,MILLION DOLLAR BABY
The Kid LAROI - WITHOUT YOU,46,7.0,7,,19445485,545746256,The Kid LAROI,WITHOUT YOU
Ricky Martin - Vente Pa' Ca,46,,47,,7207223,234583051,Ricky Martin,Vente Pa' Ca
cassÃ¶ - Prada,46,,17,,18856031,628551855,cassÃ¶,Prada
ROSALÃA - Con Altura,46,,30,,12456504,401900522,ROSALÃA,Con Altura
NF - Let You Down,46,10.0,9,,19989871,497222105,NF,Let You Down
Kelly Clarkson - Underneath the Tree,46,4.0,7,,54935095,818684769,Kelly Clarkson,Underneath the Tree
Juice WRLD - Bandit,46,,14,,17067491,403657974,Juice WRLD,Bandit
NATTI NATASHA - Criminal,46,,21,,12517942,386987487,NATTI NATASHA,Criminal
A Boogie Wit da Hoodie - Swervin,46,,25,,14029976,353278785,A Boogie Wit da Hoodie,Swervin
AronChupa - I'm an Albatraoz,46,,21,,4552106,132335496,AronChupa,I'm an Albatraoz
Kendrick Lamar - DNA.,46,2.0,3,(x1),30933703,357502939,Kendrick Lamar,DNA.
Demi Lovato - Cool for the Summer,46,,16,,10251120,218114163,Demi Lovato,Cool for the Summer
Jonas Blue - Rise,46,,12,,20761497,430111732,Jonas Blue,Rise
Grupo Frontera - un x100to,46,12.0,1,(x2),56685409,902327561,Grupo Frontera,un x100to
The Neighbourhood - Softcore,46,,35,,11353977,370875846,The Neighbourhood,Softcore
Billie Eilish - idontwannabeyouanymore,46,,67,,7849228,268392134,Billie Eilish,idontwannabeyouanymore
Drake - Toosie Slide,46,14.0,2,(x4),45292273,677398639,Drake,Toosie Slide
Cardi B - Bodak Yellow,46,,21,,14718755,348985917,Cardi B,Bodak Yellow
Alessia Cara - Here,46,,21,,7816018,195246905,Alessia Cara,Here
George Ezra - Shotgun,46,,35,,11231503,318340781,George Ezra,Shotgun
HUNTR/X - Golden,45,30.0,1,(x11),56009949,1638407044,HUNTR/X,Golden
American Authors - Best Day Of My Life,45,,25,,3370360,84424318,American Authors,Best Day Of My Life
Bryson Tiller - Exchange,45,,65,,4020032,130212326,Bryson Tiller,Exchange
Bad Bunny - Moscow Mule,45,13.0,2,(x2),51387060,786790229,Bad Bunny,Moscow Mule
Teddy Swims - Bad Dreams,45,,50,,14082489,516578569,Teddy Swims,Bad Dreams
Bad Bunny - Neverita,45,,15,,24810933,552086741,Bad Bunny,Neverita
Piso 21 - Me Llamas,45,,87,,5308014,195407150,Piso 21,Me Llamas
Kanye West - Heartless,45,,76,,11967452,406815348,Kanye West,Heartless
Jonas Blue - Mama,45,,11,,18912803,451206321,Jonas Blue,Mama
Sean Paul - No Lie,45,,82,,9192686,237125831,Sean Paul,No Lie
Adele - Send My Love (To Your New Lover),45,,16,,13584892,325236420,Adele,Send My Love (To Your New Lover)
Migos - Slippery,45,,71,,6380929,230562767,Migos,Slippery
mgk - my ex's best friend,45,,39,,11363377,296989201,mgk,my ex's best friend
Lizzo - Truth Hurts,45,,16,,16286337,497281768,Lizzo,Truth Hurts
J Balvin - Safari,45,,43,,7832658,234869867,J Balvin,Safari
Avicii - Without You,45,,20,,17362815,333726650,Avicii,Without You
Charli xcx - Guess featuring billie eilish,45,2.0,5,,39261241,634754786,Charli xcx,Guess featuring billie eilish
KATSEYE - Gabriela,45,2.0,10,,22453505,778871022,KATSEYE,Gabriela
Lost Frequencies - Reality,45,,31,,6105987,160761324,Lost Frequencies,Reality
Fuerza Regida - TU SANCHO,45,,11,,20380380,573081830,Fuerza Regida,TU SANCHO
Doja Cat - Streets,45,2.0,9,,18274551,445758589,Doja Cat,Streets
FRENSHIP - Capsize,45,,24,,12067883,331405856,FRENSHIP,Capsize
Ed Sheeran - Perfect Duet (Ed Sheeran & BeyoncÃ©),44,3.0,3,(x1),26494583,335158647,Ed Sheeran,Perfect Duet (Ed Sheeran & BeyoncÃ©)
Anuel AA - Sola (Remix),44,,90,,5509589,203123678,Anuel AA,Sola (Remix)
Daya - Hide Away,44,,33,,8959707,194389867,Daya,Hide Away
Elvis Presley - Blue Christmas,44,,34,,26061648,367152162,Elvis Presley,Blue Christmas
Alessia Cara - Scars To Your Beautiful,44,,23,,10462379,295812286,Alessia Cara,Scars To Your Beautiful
TiÃ«sto - The Motto,44,,22,,13705657,437304511,TiÃ«sto,The Motto
Tove Lo - Stay High - Habits Remix,44,,12,,5045008,132875683,Tove Lo,Stay High - Habits Remix
Juice WRLD - Wishing Well,44,2.0,7,,25364600,416729127,Juice WRLD,Wishing Well
Nicky Jam - Hasta el Amanecer,44,,52,,4702381,159996077,Nicky Jam,Hasta el Amanecer
KAROL G - TQG,44,12.0,1,(x1),57131424,852277014,KAROL G,TQG
GAYLE - abcdefu,44,20.0,1,(x3),34440025,778710435,GAYLE,abcdefu
Jin - Donât Say You Love Me,44,14.0,2,(x2),37534471,923701895,Jin,Donât Say You Love Me
Drake - Laugh Now Cry Later,44,5.0,2,(x1),33016564,500537720,Drake,Laugh Now Cry Later
TiÃ«sto - Wasted,44,6.0,7,,5984920,121736213,TiÃ«sto,Wasted
Richy Mitch & The Coal Miners - Evergreen,44,,40,,15581954,526892484,Richy Mitch & The Coal Miners,Evergreen
Drake - Know Yourself,44,,28,,4613145,96483912,Drake,Know Yourself
Taylor Swift - Karma,44,1.0,8,,46788921,517252696,Taylor Swift,Karma
Surfaces - Sunday Best,44,,13,,19929893,494881693,Surfaces,Sunday Best
Rae Sremmurd - Black Beatles,44,8.0,1,(x2),32026901,400833823,Rae Sremmurd,Black Beatles
Yng Lvcas - La Bebe - Remix,44,17.0,3,(x7),40885774,881599446,Yng Lvcas,La Bebe - Remix
Disco Lines - No Broke Boys,44,,13,,20782849,682131704,Disco Lines,No Broke Boys
BeyoncÃ© - CUFF IT,44,,13,,19992910,546496040,BeyoncÃ©,CUFF IT
ROSALÃA - DESPECHÃ,44,8.0,5,,30330456,721187001,ROSALÃA,DESPECHÃ
Miley Cyrus - Wrecking Ball,44,16.0,1,(x5),6033827,114320139,Miley Cyrus,Wrecking Ball
Chino & Nacho - Andas En Mi Cabeza,44,,105,,3629891,139073573,Chino & Nacho,Andas En Mi Cabeza
Alleh - capaz (merengueton),43,,36,,18187956,562668516,Alleh,capaz (merengueton)
Sheppard - Geronimo,43,,18,,5387659,131464626,Sheppard,Geronimo
Sam Smith - How Do You Sleep?,43,6.0,7,,22140829,533033471,Sam Smith,How Do You Sleep?
Lizzo - About Damn Time,43,2.0,9,,25698594,591468747,Lizzo,About Damn Time
BeÃ©le - no tiene sentido,43,,18,,18499513,538329912,BeÃ©le,no tiene sentido
Khalid - Talk,43,1.0,10,,18389998,420282616,Khalid,Talk
Mau y Ricky - Desconocidos,43,,34,,11759133,323154491,Mau y Ricky,Desconocidos
Drake - Nonstop,43,2.0,1,(x1),43697135,448969830,Drake,Nonstop
David Guetta - Bang My Head,43,,15,,10486838,268682154,David Guetta,Bang My Head
Mabel - Don't Call Me Up,43,,11,,17704582,425321887,Mabel,Don't Call Me Up
Ellie Goulding - Close To Me,43,,19,,13523043,342384804,Ellie Goulding,Close To Me
MEDUZA - Paradise,43,,25,,13041541,379486906,MEDUZA,Paradise
Mora - Volando - Remix,43,,19,,17595887,396326912,Mora,Volando - Remix
Maggie Lindemann - Pretty Girl - Cheat Codes X CADE Remix,43,,23,,14719156,354135942,Maggie Lindemann,Pretty Girl - Cheat Codes X CADE Remix
Jaymes Young - Infinity,43,,11,,17497105,461870187,Jaymes Young,Infinity
Polo G - RAPSTAR,43,5.0,3,(x2),32132548,497296548,Polo G,RAPSTAR
Ruth B. - Lost Boy,43,,79,,3787147,126471242,Ruth B.,Lost Boy
Ariana Grande - 34+35,43,4.0,5,,26153463,515489076,Ariana Grande,34+35
DaBaby - BOP,43,,23,,15678826,349204717,DaBaby,BOP
Lauv - i'm so tired...,43,,18,,15889051,391482559,Lauv,i'm so tired...
Noah Cyrus - July,42,,77,,8286512,226404153,Noah Cyrus,July
Tate McRae - Just Keep Watching (From F1Â® The Movie),42,1.0,10,,22766052,566359952,Tate McRae,Just Keep Watching (From F1Â® The Movie)
Sam Hunt - Body Like A Back Road,42,,62,,6935836,231278047,Sam Hunt,Body Like A Back Road
Troye Sivan - YOUTH,42,,35,,7728959,195444169,Troye Sivan,YOUTH
Justin Bieber - DAISIES,42,9.0,2,(x1),39914924,724092675,Justin Bieber,DAISIES
Nat King Cole - The Christmas Song (Merry Christmas To You),42,,16,,42462836,545721091,Nat King Cole,The Christmas Song (Merry Christmas To You)
Joji - SLOW DANCING IN THE DARK,42,,75,,8935775,220927116,Joji,SLOW DANCING IN THE DARK
Charlie Puth - One Call Away,42,,27,,9043713,203614954,Charlie Puth,One Call Away
Polo G - Martin & Gina,42,,80,,7214350,241334670,Polo G,Martin & Gina
The Pogues - Fairytale of New York,42,,45,,21953050,336109037,The Pogues,Fairytale of New York
Ariana Grande - Love Me Harder,42,8.0,7,,7221579,168978337,Ariana Grande,Love Me Harder
The Ronettes - Sleigh Ride,42,,12,,44724316,642424024,The Ronettes,Sleigh Ride
J Balvin - 6 AM,42,,152,,1540091,50235662,J Balvin,6 AM
Drake - Nice For What,42,11.0,1,(x2),41781391,594741215,Drake,Nice For What
Selena Gomez - Back To You,42,3.0,4,,24186683,414002136,Selena Gomez,Back To You
Chris Jedi - Ahora Dice,42,,46,,9557956,275417810,Chris Jedi,Ahora Dice
Selena Gomez - Hands To Myself,42,,12,,12292984,265159947,Selena Gomez,Hands To Myself
DaBaby - Suge,42,,26,,12831493,306908859,DaBaby,Suge
One Direction - Drag Me Down,42,9.0,1,(x1),17373478,270608532,One Direction,Drag Me Down
Galantis - No Money,42,4.0,9,,17305382,375672373,Galantis,No Money
Dasha - Austin,42,,20,,21724289,682387660,Dasha,Austin
MÃ - Final Song,42,,21,,13084996,292848001,MÃ,Final Song
Sheck Wes - Mo Bamba,42,,11,,17459536,434608965,Sheck Wes,Mo Bamba
Pitbull - Fireball,42,,26,,4503000,89264410,Pitbull,Fireball
ZAYN - Dusk Till Dawn,41,11.0,4,,22579858,494566732,ZAYN,Dusk Till Dawn
SilentÃ³ - Watch Me (Whip / Nae Nae),41,,17,,7636537,162962165,SilentÃ³,Watch Me (Whip / Nae Nae)
CKay - love nwantiti (ah ah ah),41,1.0,9,,22746839,479665166,CKay,love nwantiti (ah ah ah)
Drake - Back To Back,41,,55,,3888413,111877007,Drake,Back To Back
Chris Brown - Ayo,41,,23,,6012390,111309831,Chris Brown,Ayo
Post Malone - I Like You (A Happier Song),41,1.0,10,,24340885,482280122,Post Malone,I Like You (A Happier Song)
Kiesza - Hideaway,41,,28,,3944528,97212272,Kiesza,Hideaway
Camila Cabello - Bam Bam,41,4.0,5,,21135422,571221486,Camila Cabello,Bam Bam
Dua Lipa - Levitating,41,,52,,9402025,270872603,Dua Lipa,Levitating
Mike Perry - The Ocean,41,,11,,14759290,369186755,Mike Perry,The Ocean
Aventura - VolvÃ­,41,1.0,10,,25261084,460049685,Aventura,VolvÃ­
Paulo Londra - Adan y Eva,41,,11,,17547601,441536836,Paulo Londra,Adan y Eva
Cheat Codes - No Promises,41,,24,,14505601,319752108,Cheat Codes,No Promises
J Balvin - Ginza,41,,35,,5732521,143504841,J Balvin,Ginza
Becky G - Shower,41,1.0,10,,6395087,133754216,Becky G,Shower
Ozuna - Vaina Loca,40,,18,,16043684,406926662,Ozuna,Vaina Loca
Daft Punk - Get Lucky,40,,25,,5644865,65909724,Daft Punk,Get Lucky
CarÃ­n LeÃ³n - Que Vuelvas,40,,36,,15805526,431728547,CarÃ­n LeÃ³n,Que Vuelvas
Travis Scott - I KNOW ?,40,,14,,27481675,487500845,Travis Scott,I KNOW ?
Bazzi - Beautiful,40,,30,,12052133,318997516,Bazzi,Beautiful
David Guetta - Lovers on the Sun,40,,13,,5798766,121682700,David Guetta,Lovers on the Sun
Adam Port - Move,40,,19,,20751390,496069732,Adam Port,Move
Kali Uchis - telepatÃ­a,40,6.0,2,(x1),28205390,497087870,Kali Uchis,telepatÃ­a
Chappell Roan - HOT TO GO!,40,,22,,19606596,552921182,Chappell Roan,HOT TO GO!
Calvin Harris - My Way,40,4.0,8,,19655559,386403463,Calvin Harris,My Way
Mr.Kitty - After Dark,40,,112,,7696640,281007749,Mr.Kitty,After Dark
Bing Crosby - White Christmas,40,,26,,22166039,371487284,Bing Crosby,White Christmas
Luis Fonsi - Ãchame La Culpa,40,8.0,7,,19056515,455074445,Luis Fonsi,Ãchame La Culpa
Mora - LA INOCENTE,40,,74,,9240565,316445866,Mora,LA INOCENTE
MÃ¥neskin - I WANNA BE YOUR SLAVE,40,4.0,8,,28083554,535964658,MÃ¥neskin,I WANNA BE YOUR SLAVE
Maroon 5 - Don't Wanna Know,40,13.0,4,,21063863,450707447,Maroon 5,Don't Wanna Know
Lil Nas X - Old Town Road,40,10.0,3,(x2),30103989,504284723,Lil Nas X,Old Town Road
DJ Khaled - Wild Thoughts,40,12.0,2,(x4),31981224,506184874,DJ Khaled,Wild Thoughts
DJ Khaled - POPSTAR,40,1.0,7,,23212151,362500076,DJ Khaled,POPSTAR
Bad Bunny - Safaera,40,1.0,9,,22902153,411877956,Bad Bunny,Safaera
Iggy Azalea - Black Widow,40,3.0,8,,7308886,146175854,Iggy Azalea,Black Widow
Bad Bunny - LA NOCHE DE ANOCHE,40,4.0,2,(x1),30110474,512900063,Bad Bunny,LA NOCHE DE ANOCHE
ACRAZE - Do It To It,40,2.0,9,,20611311,461769872,ACRAZE,Do It To It
Piso 21 - DÃ©jala Que Vuelva,40,,33,,11322485,313209277,Piso 21,DÃ©jala Que Vuelva
sombr - 12 to 12,40,,14,,21062517,611040903,sombr,12 to 12
Myke Towers - LALA,40,13.0,1,(x1),41556972,840906017,Myke Towers,LALA
TiÃ«sto - Don't Be Shy,39,,38,,11587692,310495240,TiÃ«sto,Don't Be Shy
Niall Horan - Slow Hands,39,,29,,12784854,322258869,Niall Horan,Slow Hands
yung kai - blue,39,,25,,20202029,544193195,yung kai,blue
J Balvin - Azul,39,,61,,9493538,244319486,J Balvin,Azul
Harry Styles - Golden,39,,44,,11762304,288826120,Harry Styles,Golden
Ava Max - Kings & Queens,39,,41,,11345843,306926122,Ava Max,Kings & Queens
Avicii - Lonely Together,39,,19,,13456689,334425361,Avicii,Lonely Together
Manuel Turizo - Una Lady Como TÃº,39,,38,,9818595,248860027,Manuel Turizo,Una Lady Como TÃº
The Lumineers - Ophelia,39,,81,,3705255,95038648,The Lumineers,Ophelia
Alok - Hear Me Now,39,,27,,11140846,231952751,Alok,Hear Me Now
Kodak Black - ZEZE,39,8.0,3,(x1),29095302,475296500,Kodak Black,ZEZE
Snakehips - All My Friends,39,,32,,7648380,189493855,Snakehips,All My Friends
Jay Wheeler - La Curiosidad,39,,19,,15111956,397142034,Jay Wheeler,La Curiosidad
Metro Boomin - Trance,39,,65,,13142559,369717137,Metro Boomin,Trance
IAmChino - Ay Mi Dios,39,,74,,5387559,144838907,IAmChino,Ay Mi Dios
Shakira - Te Felicito,39,,13,,22642420,459536080,Shakira,Te Felicito
Empire Of The Sun - We Are The People,39,,81,,11320593,386584391,Empire Of The Sun,We Are The People
Perry Como - It's Beginning to Look a Lot Like Christmas,39,,23,,31758817,430030498,Perry Como,It's Beginning to Look a Lot Like Christmas
Travis Scott - Goosebumps - Remix,39,,32,,12431329,357822888,Travis Scott,Goosebumps - Remix
SZA - Good Days,39,4.0,5,,20809013,413971573,SZA,Good Days
Lunay - Soltera - Remix,39,4.0,8,,19467987,419287174,Lunay,Soltera - Remix
Becky G - MAMIII,38,7.0,5,,23135757,508562481,Becky G,MAMIII
Selena Gomez - Same Old Love,38,,14,,9262867,209491177,Selena Gomez,Same Old Love
Future - WAIT FOR U,38,1.0,10,,17840856,378241571,Future,WAIT FOR U
Selena Gomez - Lose You To Love Me,38,5.0,1,(x1),47227738,488987210,Selena Gomez,Lose You To Love Me
CarÃ­n LeÃ³n - Primera Cita,38,,21,,17016973,457983477,CarÃ­n LeÃ³n,Primera Cita
XXXTENTACION - Hope,38,,42,,10147938,201317070,XXXTENTACION,Hope
Teddy Swims - The Door,38,,115,,10770007,362008761,Teddy Swims,The Door
Lady Gaga - Always Remember Us This Way,38,,35,,10609476,255930382,Lady Gaga,Always Remember Us This Way
Daddy Yankee - La Rompe Corazones,38,,73,,6121850,199142951,Daddy Yankee,La Rompe Corazones
Mark Ambor - Belong Together,38,,19,,25042070,572013726,Mark Ambor,Belong Together
BLACKPINK - How You Like That,38,2.0,4,,28978705,365358935,BLACKPINK,How You Like That
Calvin Harris - Under Control,38,3.0,8,,3281533,69772019,Calvin Harris,Under Control
Camila Cabello - Never Be the Same,38,4.0,4,,22147865,355510422,Camila Cabello,Never Be the Same
David Guetta - Dangerous,38,12.0,2,(x2),9917577,176180000,David Guetta,Dangerous
Kanye West - Famous,38,,17,,12718673,170684091,Kanye West,Famous
"Olivia Rodrigo - jealousy, jealousy",38,,17,,22369988,338795551,Olivia Rodrigo,"jealousy, jealousy"
Hailee Steinfeld - Love Myself,38,,24,,6796031,167215259,Hailee Steinfeld,Love Myself
FIFTY FIFTY - Cupid - Twin Ver.,38,12.0,4,,36319569,682233804,FIFTY FIFTY,Cupid - Twin Ver.
A$AP Rocky - Praise The Lord (Da Shine),38,,25,,13341403,291859638,A$AP Rocky,Praise The Lord (Da Shine)
Doja Cat - Get Into It (Yuh),38,,36,,12006248,290292407,Doja Cat,Get Into It (Yuh)
Laufey - From The Start,38,,97,,10669165,349338853,Laufey,From The Start
Coldplay - Hymn for the Weekend - Seeb Remix,38,,17,,13870439,307025441,Coldplay,Hymn for the Weekend - Seeb Remix
Becky G - Sin Pijama,38,,22,,15017587,351433215,Becky G,Sin Pijama
Sia - Cheap Thrills,38,,59,,5068632,139773219,Sia,Cheap Thrills
Calvin Harris - Feels,38,11.0,5,,23208440,462099346,Calvin Harris,Feels
Oscar Maydon - Tu Boda,38,5.0,5,,40246472,630998033,Oscar Maydon,Tu Boda
Tove Lo - Talking Body,38,,27,,6208542,129753440,Tove Lo,Talking Body
The Weeknd - Die For You,37,4.0,3,(x1),43830141,588484750,The Weeknd,Die For You
Rae Sremmurd - No Type,37,,55,,3022458,66527959,Rae Sremmurd,No Type
Fetty Wap - Again,37,,43,,10974648,140963752,Fetty Wap,Again
Burl Ives - A Holly Jolly Christmas - Single Version,37,,23,,25299396,394855629,Burl Ives,A Holly Jolly Christmas - Single Version
Justin Bieber - Holy,37,6.0,4,,28367431,439798560,Justin Bieber,Holy
TiÃ«sto - Jackie Chan,37,,11,,21601280,394343157,TiÃ«sto,Jackie Chan
Arctic Monkeys - No. 1 Party Anthem,37,,80,,12994961,378305770,Arctic Monkeys,No. 1 Party Anthem
Jason Derulo - Take You Dancing,37,,29,,12851938,318904702,Jason Derulo,Take You Dancing
Gucci Mane - Wake Up in the Sky,37,,26,,13354462,317530163,Gucci Mane,Wake Up in the Sky
Rauw Alejandro - Fantasias,37,,28,,12613248,322346777,Rauw Alejandro,Fantasias
Becky G - Mayores,37,,33,,10392546,280960035,Becky G,Mayores
Nicky Jam - El Amante,37,,32,,10699820,273666162,Nicky Jam,El Amante
"SofÃ­a Reyes - 1, 2, 3",37,,31,,11428399,281918696,SofÃ­a Reyes,"1, 2, 3"
Peso Pluma - LADY GAGA,37,2.0,9,,23357869,587911236,Peso Pluma,LADY GAGA
CJ - Whoopty,37,3.0,8,,18810928,421701405,CJ,Whoopty
21 Savage - X,37,,76,,5135526,145386210,21 Savage,X
David Guetta - Bad,37,,47,,3125566,69915732,David Guetta,Bad
Shakin' Stevens - Merry Christmas Everyone,37,,22,,31234894,439636985,Shakin' Stevens,Merry Christmas Everyone
LISA - MONEY,37,5.0,5,,27961856,448180674,LISA,MONEY
J Balvin - Rojo,37,,14,,20014087,333344488,J Balvin,Rojo
Shawn Mendes - Lost In Japan,37,,23,,13124790,212680980,Shawn Mendes,Lost In Japan
Rachel Platten - Fight Song,37,,38,,5371926,106317603,Rachel Platten,Fight Song
Kanye West - Flashing Lights,37,,121,,10082894,328864897,Kanye West,Flashing Lights
Cris MJ - Una Noche en MedellÃ­n,37,3.0,9,,18047006,448560983,Cris MJ,Una Noche en MedellÃ­n
Michael Marcagi - Scared To Start,37,,25,,19637518,465039444,Michael Marcagi,Scared To Start
Reik - Me Niego,37,,22,,13488299,337326802,Reik,Me Niego
Pop Smoke - Mood Swings,37,,12,,18095558,337551604,Pop Smoke,Mood Swings
Ellie Goulding - Hate Me,37,,46,,11007915,235216523,Ellie Goulding,Hate Me
Jack Harlow - WHATS POPPIN,37,,15,,16616199,329560715,Jack Harlow,WHATS POPPIN
Rudimental - Lay It All on Me,37,,19,,8560701,211590046,Rudimental,Lay It All on Me
AminÃ© - Caroline,37,,39,,8370040,207297009,AminÃ©,Caroline
Imagine Dragons - Bad Liar,36,,17,,15444402,279083790,Imagine Dragons,Bad Liar
Calvin Harris - Slide,36,,13,,18367402,406830519,Calvin Harris,Slide
Rae Sremmurd - Swang,36,,71,,6355205,162702327,Rae Sremmurd,Swang
Rob $tone - Chill Bill,36,,57,,6029364,162363885,Rob $tone,Chill Bill
Ozuna - Se PreparÃ³,36,,30,,11079041,279060284,Ozuna,Se PreparÃ³
Grupo Frontera - EL AMOR DE SU VIDA,36,,47,,13750571,406383303,Grupo Frontera,EL AMOR DE SU VIDA
Macklemore - Glorious,36,,14,,17664071,333166774,Macklemore,Glorious
Rag'n'Bone Man - Human,36,,53,,6934906,171869921,Rag'n'Bone Man,Human
Dalex - Hola - Remix,36,,29,,13017742,289461144,Dalex,Hola - Remix
A Boogie Wit da Hoodie - Drowning,36,,90,,5739379,170227822,A Boogie Wit da Hoodie,Drowning
JACKBOYS - OUT WEST,36,,27,,13014508,222157222,JACKBOYS,OUT WEST
J Balvin - QuÃ© MÃ¡s Pues?,36,1.0,9,,26352868,475638530,J Balvin,QuÃ© MÃ¡s Pues?
"Daya - Sit Still, Look Pretty",36,,74,,4595306,121398109,Daya,"Sit Still, Look Pretty"
Maluma - Sobrio,36,,41,,11319015,293073525,Maluma,Sobrio
Junior H - El Azul,36,,14,,21840753,494204874,Junior H,El Azul
Ella Henderson - Ghost,36,,23,,4637141,107718733,Ella Henderson,Ghost
Kodak Black - Roll In Peace,36,,79,,6161080,177159883,Kodak Black,Roll In Peace
Nio Garcia - AM Remix,36,,14,,23435409,371254425,Nio Garcia,AM Remix
Myke Towers - LA FALDA,36,,24,,18494289,450940603,Myke Towers,LA FALDA
Rauw Alejandro - Reloj,36,,32,,13342905,325495296,Rauw Alejandro,Reloj
Lukas Graham - Love Someone,36,,53,,8993351,257342829,Lukas Graham,Love Someone
Billie Eilish - wish you were gay,36,2.0,3,(x1),28662157,323501173,Billie Eilish,wish you were gay
Jax Jones - You Don't Know Me,36,,17,,15002138,266552565,Jax Jones,You Don't Know Me
Travis Scott - Antidote,36,,52,,4396483,102513126,Travis Scott,Antidote
Olivia Dean - Man I Need,36,28.0,3,(x5),35232259,1038705810,Olivia Dean,Man I Need
Dua Lipa - Houdini,36,1.0,6,,28741544,535304900,Dua Lipa,Houdini
Calvin Harris - I Need Your Love,36,,19,,2139949,48038739,Calvin Harris,I Need Your Love
Migos - T-Shirt,36,,39,,9681183,189520094,Migos,T-Shirt
Rema - Calm Down,36,,73,,9675280,271243697,Rema,Calm Down
Dennis Lloyd - Nevermind,36,,18,,15423526,367966603,Dennis Lloyd,Nevermind
J Balvin - Bonita,36,,42,,9583163,257017887,J Balvin,Bonita
AJR - Weak,35,,25,,11864437,228778178,AJR,Weak
Kordhell - Murder In My Mind,35,,82,,9319338,296423695,Kordhell,Murder In My Mind
Avicii - The Days,35,5.0,4,,7862217,115777670,Avicii,The Days
Ozuna - SÃ­guelo Bailando,35,,43,,9646227,233416006,Ozuna,SÃ­guelo Bailando
Joey Montana - Picky,35,,73,,3548551,102503275,Joey Montana,Picky
Lil Baby - Yes Indeed,35,,12,,16713448,291525507,Lil Baby,Yes Indeed
Flume - Say It,35,,52,,6327930,168365103,Flume,Say It
Bebe Rexha - I'm a Mess,35,,52,,8415994,210746577,Bebe Rexha,I'm a Mess
PARTYNEXTDOOR - Come and See Me,35,,95,,3214687,91777120,PARTYNEXTDOOR,Come and See Me
Robin Schulz - Sun Goes Down,35,,52,,2924074,58256284,Robin Schulz,Sun Goes Down
DJ Snake - You Know You Like It,35,,22,,6651427,103739242,DJ Snake,You Know You Like It
Anuel AA - Ella Quiere Beber - Remix,35,,33,,11131112,286526851,Anuel AA,Ella Quiere Beber - Remix
Madcon - Don't Worry,35,,54,,3385939,83351197,Madcon,Don't Worry
Nacho - BÃ¡ilame - Remix,35,,58,,7574934,215481114,Nacho,BÃ¡ilame - Remix
Alessia Cara - How Far I'll Go,35,,19,,13543940,264432336,Alessia Cara,How Far I'll Go
Carlos Vives - Robarte un Beso,35,,61,,7004001,201832946,Carlos Vives,Robarte un Beso
JP Cooper - September Song,35,,53,,8421372,173520421,JP Cooper,September Song
Timeflies - Once In a While,35,,36,,8970838,206602805,Timeflies,Once In a While
Chris Brown - Go Crazy,35,,37,,12041012,279057491,Chris Brown,Go Crazy
H.E.R. - Best Part,35,,110,,9980019,272238841,H.E.R.,Best Part
Robin Schulz - Headlights,35,,21,,7022425,135536701,Robin Schulz,Headlights
Migos - Walk It Talk It,35,,22,,14695037,259932739,Migos,Walk It Talk It
Major Lazer - Powerful,35,,73,,2981912,67086139,Major Lazer,Powerful
Taylor Swift - You Need To Calm Down,35,3.0,4,,27274424,329879422,Taylor Swift,You Need To Calm Down
ATB - Your Love (9PM),35,,26,,13295992,344772188,ATB,Your Love (9PM)
Sebastian Yatra - Pareja Del AÃ±o,35,1.0,10,,21772431,408392662,Sebastian Yatra,Pareja Del AÃ±o
Lana Del Rey - Say Yes To Heaven,35,,18,,19122585,343798001,Lana Del Rey,Say Yes To Heaven
Young Thug - The London,35,2.0,6,,22075360,339551970,Young Thug,The London
Lil Uzi Vert - Just Wanna Rock,35,,30,,16246697,414487772,Lil Uzi Vert,Just Wanna Rock
Harry Styles - Lights Up,35,2.0,5,,26362706,302300146,Harry Styles,Lights Up
Jack Harlow - WHATS POPPIN,35,,26,,14048511,335799810,Jack Harlow,WHATS POPPIN
Ed Sheeran - South of the Border,35,1.0,10,,20785809,334701158,Ed Sheeran,South of the Border
PinkPantheress - Boy's a liar Pt. 2,35,10.0,3,(x1),39475419,666819252,PinkPantheress,Boy's a liar Pt. 2
Tito Double P - DOS DÃAS,35,,31,,17782086,472176844,Tito Double P,DOS DÃAS
Yandel - Yandel 150,35,7.0,8,,26978839,631334119,Yandel,Yandel 150
Quevedo - Columbia,35,8.0,7,,29578111,614422607,Quevedo,Columbia
"Tyler, The Creator - Like Him",35,,27,,19409693,484188403,"Tyler, The Creator",Like Him
Drake - Knife Talk,35,1.0,10,,28347807,324393523,Drake,Knife Talk
Manuel Turizo - La Nota,35,,21,,13986651,320999686,Manuel Turizo,La Nota
Sabrina Carpenter - Bed Chem,35,1.0,9,,28156133,547046260,Sabrina Carpenter,Bed Chem
Rels B - TU VAS SIN (fav),35,,28,,17362875,407021313,Rels B,TU VAS SIN (fav)
DJ Snake - Loco Contigo,35,1.0,10,,20067945,422004415,DJ Snake,Loco Contigo
TINI - MiÃ©nteme,35,,41,,11477024,297504390,TINI,MiÃ©nteme
Junior H - Y LLORO,35,,55,,12338015,362867850,Junior H,Y LLORO
Maluma - CorazÃ³n,35,,17,,13766534,296847428,Maluma,CorazÃ³n
Bad Bunny - Yo Perreo Sola,35,,18,,17807967,363224395,Bad Bunny,Yo Perreo Sola
Maluma - 11 PM,35,,31,,12291848,299132707,Maluma,11 PM
Rauw Alejandro - LOKERA,35,,38,,12985743,370275554,Rauw Alejandro,LOKERA
Dalex - Pa MÃ­ - Remix,34,,17,,15702075,324543988,Dalex,Pa MÃ­ - Remix
Sigala - Easy Love,34,,15,,8129356,146524768,Sigala,Easy Love
Post Malone - One Right Now,34,1.0,9,,23006418,332886093,Post Malone,One Right Now
CNCO - Hey DJ,34,,52,,8759763,201308367,CNCO,Hey DJ
One Direction - History,34,,29,,7159428,111125951,One Direction,History
Jung Kook - 3D,34,4.0,3,(x1),41965382,502347111,Jung Kook,3D
Carly Rae Jepsen - I Really Like You,34,,15,,7684232,141537318,Carly Rae Jepsen,I Really Like You
Taylor Swift - Fortnight,34,4.0,1,(x2),102878399,757105267,Taylor Swift,Fortnight
Elle King - Ex's & Oh's,34,,56,,3845103,99254269,Elle King,Ex's & Oh's
Ariana Grande - Dangerous Woman,34,,14,,14064403,242784743,Ariana Grande,Dangerous Woman
Dawin - Dessert,34,,56,,4069007,100784104,Dawin,Dessert
Taylor Swift - Lavender Haze,34,2.0,2,(x1),60944332,447488884,Taylor Swift,Lavender Haze
Olly Alexander (Years & Years) - King,34,,21,,7173514,133115545,Olly Alexander (Years & Years),King
David Guetta - Say My Name,34,,68,,7603228,211424453,David Guetta,Say My Name
Nicky Jam - X,34,10.0,4,,25335647,483456853,Nicky Jam,X
NewJeans - OMG,34,,14,,21594175,456690515,NewJeans,OMG
A Great Big World - Say Something,34,6.0,7,,4468700,73725928,A Great Big World,Say Something
Young Thug - pick up the phone,34,,87,,4277147,116352106,Young Thug,pick up the phone
Bad Bunny - Tarot,34,1.0,9,,31952895,470238500,Bad Bunny,Tarot
Meghan Trainor - Lips Are Movin,34,1.0,9,,7073920,123100945,Meghan Trainor,Lips Are Movin
P!nk - What About Us,34,,18,,14750631,251555945,P!nk,What About Us
Kehlani - Folded,34,,62,,12589510,362610735,Kehlani,Folded
J Balvin - QUE PRETENDES,34,,15,,17357042,283948167,J Balvin,QUE PRETENDES
A$AP Ferg - Plain Jane,34,,37,,10167689,210566105,A$AP Ferg,Plain Jane
Billie Eilish - Therefore I Am,34,3.0,2,(x1),35380663,421416772,Billie Eilish,Therefore I Am
